-- phpMyAdmin SQL Dump
-- version 4.8.5
-- https://www.phpmyadmin.net/
--
-- Host: 127.0.0.1
-- Generation Time: Aug 28, 2023 at 05:52 PM
-- Server version: 10.1.38-MariaDB
-- PHP Version: 5.6.40

SET SQL_MODE = "NO_AUTO_VALUE_ON_ZERO";
SET AUTOCOMMIT = 0;
START TRANSACTION;
SET time_zone = "+00:00";


/*!40101 SET @OLD_CHARACTER_SET_CLIENT=@@CHARACTER_SET_CLIENT */;
/*!40101 SET @OLD_CHARACTER_SET_RESULTS=@@CHARACTER_SET_RESULTS */;
/*!40101 SET @OLD_COLLATION_CONNECTION=@@COLLATION_CONNECTION */;
/*!40101 SET NAMES utf8mb4 */;

--
-- Database: `spkold`
--

-- --------------------------------------------------------

--
-- Table structure for table `admin`
--

CREATE TABLE `admin` (
  `id_admin` int(3) NOT NULL,
  `username` varchar(100) NOT NULL DEFAULT 'administrator',
  `password` varchar(100) NOT NULL,
  `nama_lengkap` varchar(100) NOT NULL,
  `level` varchar(50) NOT NULL DEFAULT 'admin',
  `alamat` text NOT NULL,
  `no_telp` varchar(20) NOT NULL,
  `email` varchar(50) NOT NULL,
  `blokir` enum('Y','N') NOT NULL DEFAULT 'N',
  `id_session` varchar(100) NOT NULL
) ENGINE=MyISAM DEFAULT CHARSET=latin1;

--
-- Dumping data for table `admin`
--

INSERT INTO `admin` (`id_admin`, `username`, `password`, `nama_lengkap`, `level`, `alamat`, `no_telp`, `email`, `blokir`, `id_session`) VALUES
(3, 'admin', '21232f297a57a5a743894a0e4a801fc3', 'Admin', 'admin', 'Indonesia', '0852', 'admin@gmail.com', 'N', 'fen0gblph20u5h0dfsaodheth1'),
(6, 'admin1', '21232f297a57a5a743894a0e4a801fc3', 'Admin1', 'guest', 'Indonesia', '', '', 'N', 'pvve9fb2dr6qk9ml0n556pbnu2');

-- --------------------------------------------------------

--
-- Table structure for table `modul`
--

CREATE TABLE `modul` (
  `id_modul` int(5) NOT NULL,
  `nama_modul` varchar(50) COLLATE latin1_general_ci NOT NULL,
  `link` varchar(100) COLLATE latin1_general_ci NOT NULL,
  `static_content` text COLLATE latin1_general_ci NOT NULL,
  `gambar` varchar(100) COLLATE latin1_general_ci NOT NULL,
  `publish` enum('Y','N') COLLATE latin1_general_ci NOT NULL DEFAULT 'Y',
  `status` enum('pengajar','admin') COLLATE latin1_general_ci NOT NULL,
  `aktif` enum('Y','N') COLLATE latin1_general_ci NOT NULL DEFAULT 'Y',
  `urutan` int(5) NOT NULL,
  `link_seo` varchar(50) COLLATE latin1_general_ci NOT NULL,
  `Type` varchar(10) COLLATE latin1_general_ci NOT NULL
) ENGINE=MyISAM DEFAULT CHARSET=latin1 COLLATE=latin1_general_ci;

--
-- Dumping data for table `modul`
--

INSERT INTO `modul` (`id_modul`, `nama_modul`, `link`, `static_content`, `gambar`, `publish`, `status`, `aktif`, `urutan`, `link_seo`, `Type`) VALUES
(2, 'Manajemen Admin', '?module=admin', '', '', 'N', 'admin', 'N', 2, '', ''),
(37, 'Data Masyarakat', '?module=masyarakat', '', 'gedungku.jpg', 'Y', 'admin', 'Y', 1, 'profil-kami.html', ''),
(81, 'Pembobotan Kriteria', '?module=matapelajaran', '', '', 'N', 'admin', 'Y', 5, '', ''),
(78, 'Data Kriteria', '?module=matapelajaran&act=himpunankriteria', '', '', 'Y', 'admin', 'Y', 11, '', ''),
(41, 'Data Kecamatan', ' ?module=kecamatan', '', '', 'Y', 'admin', 'Y', 4, 'semua-agenda.html', ''),
(68, 'Laporan Hasil Analisa ', '?module=matapelajaran&act=analisa', '', '', 'Y', 'admin', 'Y', 9, '', 'Report'),
(79, 'Data Klasifikasi', '?module=matapelajaran&act=klasifikasi', '', '', 'Y', 'admin', 'Y', 12, '', '');

-- --------------------------------------------------------

--
-- Table structure for table `tbl_himpunankriteria`
--

CREATE TABLE `tbl_himpunankriteria` (
  `id_hk` int(11) NOT NULL,
  `id_kriteria` int(11) NOT NULL,
  `nama` varchar(60) NOT NULL,
  `keterangan` varchar(15) NOT NULL,
  `nilai` int(11) NOT NULL
) ENGINE=InnoDB DEFAULT CHARSET=latin1;

--
-- Dumping data for table `tbl_himpunankriteria`
--

INSERT INTO `tbl_himpunankriteria` (`id_hk`, `id_kriteria`, `nama`, `keterangan`, `nilai`) VALUES
(1, 6, 'Pegawai Negara Sipil/ASN/Karyawan Swasta', 'Subkriteria', 1),
(2, 6, 'Sopir/Ojek/Transportasi', 'Subkriteria', 2),
(3, 6, 'Petani/Pedagang', 'Subkriteria', 3),
(4, 6, 'Buruh Harian Lepas', 'Subkriteria', 4),
(5, 6, 'IRT/Belum/Tidak Bekerja', 'Subkriteria', 5),
(6, 7, '< Rp. 322.170,-', 'Subkriteria', 4),
(7, 7, 'Rp. 322.170,- s/d Rp.699.000,-', 'Subkriteria', 3),
(8, 7, 'Rp.700.000,-- Rp.1.000..000,-', 'Subkriteria', 2),
(9, 7, '>Rp.1.000..000,-', 'Subkriteria', 1),
(10, 8, '< 1 Orang / tidak ada', 'Subkriteria', 1),
(11, 8, '1-2 Orang', 'Subkriteria', 2),
(12, 8, '3-4 Orang', 'Subkriteria', 3),
(13, 8, '5-6 Orang', 'Subkriteria', 4),
(14, 8, '7-8 Orang', 'Subkriteria', 5),
(15, 8, '>9 Orang', 'Subkriteria', 6),
(16, 9, 'Rumah Sendiri', 'Subkriteria', 1),
(17, 9, 'Rumah Sewa/Kontrakan', 'Subkriteria', 2),
(18, 9, 'Rumah Orang Tua/Mertua', 'Subkriteria', 3),
(19, 9, 'Tidak Punya Rumah/Menumpang/ Ikut Keluarga', 'Subkriteria', 4),
(20, 10, 'Permanen', 'Subkriteria', 1),
(21, 10, 'Semi Permanen', 'Subkriteria', 2),
(22, 10, 'Rumah Kayu', 'Subkriteria', 3),
(23, 10, 'Lantai Tanah, Berdinding kayu/ Tripleks', 'Subkriteria', 4),
(24, 10, 'Lantai Tanah, Berdinding Batu tanpa plester', 'Subkriteria', 5),
(25, 10, 'Gubuk kayu', 'Subkriteria', 6),
(51, 11, 'Tidak Punya Kendaraan', 'Subkriteria', 5),
(52, 11, 'Sepeda', 'Subkriteria', 4),
(53, 11, 'Sewa Kendaraan ', 'Subkriteria', 3),
(54, 11, 'Sepeda Motor', 'Subkriteria', 2),
(55, 11, 'Mobil', 'Subkriteria', 1);

-- --------------------------------------------------------

--
-- Table structure for table `tbl_klasifikasi`
--

CREATE TABLE `tbl_klasifikasi` (
  `id_klasifikasi` int(11) NOT NULL,
  `id_masyarakat` int(11) NOT NULL,
  `id_hk` int(11) NOT NULL
) ENGINE=InnoDB DEFAULT CHARSET=latin1;

--
-- Dumping data for table `tbl_klasifikasi`
--

INSERT INTO `tbl_klasifikasi` (`id_klasifikasi`, `id_masyarakat`, `id_hk`) VALUES
(1, 1, 5),
(2, 1, 6),
(3, 1, 12),
(4, 1, 16),
(5, 1, 20),
(6, 1, 54),
(7, 2, 5),
(8, 2, 6),
(9, 2, 12),
(10, 2, 16),
(11, 2, 20),
(12, 2, 54),
(13, 3, 1),
(14, 3, 9),
(15, 3, 11),
(16, 3, 16),
(17, 3, 20),
(18, 3, 54),
(19, 4, 1),
(20, 4, 6),
(21, 4, 11),
(22, 4, 16),
(23, 4, 20),
(24, 4, 54),
(25, 5, 1),
(26, 5, 6),
(27, 5, 11),
(28, 5, 16),
(29, 5, 20),
(30, 5, 54),
(31, 6, 2),
(32, 6, 9),
(33, 6, 11),
(34, 6, 18),
(35, 6, 25),
(36, 6, 54),
(37, 7, 5),
(38, 7, 6),
(39, 7, 11),
(40, 7, 16),
(41, 7, 25),
(42, 7, 51),
(43, 8, 4),
(44, 8, 7),
(45, 8, 12),
(46, 8, 18),
(47, 8, 22),
(48, 8, 54),
(49, 9, 3),
(50, 9, 7),
(51, 9, 10),
(52, 9, 18),
(53, 9, 22),
(54, 9, 54),
(55, 10, 1),
(56, 10, 6),
(57, 10, 10),
(58, 10, 18),
(59, 10, 22),
(60, 10, 51),
(61, 11, 5),
(62, 11, 6),
(63, 11, 12),
(64, 11, 16),
(65, 11, 22),
(66, 11, 54),
(67, 12, 5),
(68, 12, 6),
(69, 12, 10),
(70, 12, 16),
(71, 12, 22),
(72, 12, 51),
(73, 13, 1),
(74, 13, 6),
(75, 13, 10),
(76, 13, 16),
(77, 13, 22),
(78, 13, 51),
(79, 14, 5),
(80, 14, 6),
(81, 14, 12),
(82, 14, 16),
(83, 14, 22),
(84, 14, 54),
(85, 15, 1),
(86, 15, 9),
(87, 15, 10),
(88, 15, 16),
(89, 15, 22),
(90, 15, 54),
(91, 16, 1),
(92, 16, 6),
(93, 16, 10),
(94, 16, 16),
(95, 16, 22),
(96, 16, 54),
(97, 17, 1),
(98, 17, 6),
(99, 17, 10),
(100, 17, 16),
(101, 17, 22),
(102, 17, 54),
(103, 18, 1),
(104, 18, 6),
(105, 18, 10),
(106, 18, 16),
(107, 18, 22),
(108, 18, 54),
(109, 19, 5),
(110, 19, 6),
(111, 19, 10),
(112, 19, 17),
(113, 19, 22),
(114, 19, 51),
(115, 20, 1),
(116, 20, 6),
(117, 20, 10),
(118, 20, 17),
(119, 20, 22),
(120, 20, 51),
(121, 21, 4),
(122, 21, 6),
(123, 21, 12),
(124, 21, 16),
(125, 21, 22),
(126, 21, 54),
(127, 22, 1),
(128, 22, 6),
(129, 22, 12),
(130, 22, 18),
(131, 22, 22),
(132, 22, 54),
(133, 23, 5),
(134, 23, 6),
(135, 23, 11),
(136, 23, 16),
(137, 23, 22),
(138, 23, 54),
(139, 24, 1),
(140, 24, 6),
(141, 24, 12),
(142, 24, 18),
(143, 24, 22),
(144, 24, 54),
(145, 25, 1),
(146, 25, 7),
(147, 25, 11),
(148, 25, 16),
(149, 25, 22),
(150, 25, 51),
(151, 26, 4),
(152, 26, 8),
(153, 26, 12),
(154, 26, 16),
(155, 26, 22),
(156, 26, 54),
(157, 27, 5),
(158, 27, 6),
(159, 27, 12),
(160, 27, 17),
(161, 27, 22),
(162, 27, 54),
(163, 28, 1),
(164, 28, 6),
(165, 28, 12),
(166, 28, 19),
(167, 28, 22),
(168, 28, 54),
(169, 29, 5),
(170, 29, 6),
(171, 29, 12),
(172, 29, 17),
(173, 29, 22),
(174, 29, 54),
(175, 30, 5),
(176, 30, 6),
(177, 30, 11),
(178, 30, 17),
(179, 30, 22),
(180, 30, 51),
(181, 31, 5),
(182, 31, 7),
(183, 31, 11),
(184, 31, 16),
(185, 31, 22),
(186, 31, 54),
(187, 32, 1),
(188, 32, 7),
(189, 32, 11),
(190, 32, 16),
(191, 32, 22),
(192, 32, 54),
(193, 33, 3),
(194, 33, 7),
(195, 33, 11),
(196, 33, 16),
(197, 33, 22),
(198, 33, 54),
(199, 34, 5),
(200, 34, 7),
(201, 34, 10),
(202, 34, 19),
(203, 34, 20),
(204, 34, 54),
(205, 35, 4),
(206, 35, 7),
(207, 35, 12),
(208, 35, 16),
(209, 35, 20),
(210, 35, 54),
(211, 36, 1),
(212, 36, 6),
(213, 36, 10),
(214, 36, 18),
(215, 36, 20),
(216, 36, 54),
(217, 37, 5),
(218, 37, 6),
(219, 37, 10),
(220, 37, 16),
(221, 37, 20),
(222, 37, 54),
(223, 38, 1),
(224, 38, 6),
(225, 38, 10),
(226, 38, 18),
(227, 38, 20),
(228, 38, 54),
(229, 39, 5),
(230, 39, 6),
(231, 39, 12),
(232, 39, 16),
(233, 39, 20),
(234, 39, 54),
(235, 40, 1),
(236, 40, 6),
(237, 40, 10),
(238, 40, 18),
(239, 40, 20),
(240, 40, 54),
(241, 41, 3),
(242, 41, 6),
(243, 41, 11),
(244, 41, 16),
(245, 41, 20),
(246, 41, 54),
(247, 42, 5),
(248, 42, 6),
(249, 42, 11),
(250, 42, 16),
(251, 42, 20),
(252, 42, 54),
(253, 43, 5),
(254, 43, 6),
(255, 43, 10),
(256, 43, 16),
(257, 43, 21),
(258, 43, 51),
(259, 44, 5),
(260, 44, 6),
(261, 44, 11),
(262, 44, 18),
(263, 44, 21),
(264, 44, 51),
(265, 45, 5),
(266, 45, 6),
(267, 45, 10),
(268, 45, 18),
(269, 45, 21),
(270, 45, 51),
(271, 46, 5),
(272, 46, 6),
(273, 46, 10),
(274, 46, 18),
(275, 46, 21),
(276, 46, 54),
(277, 47, 1),
(278, 47, 9),
(279, 47, 12),
(280, 47, 17),
(281, 47, 20),
(282, 47, 54),
(283, 48, 5),
(284, 48, 6),
(285, 48, 10),
(286, 48, 16),
(287, 48, 20),
(288, 48, 54),
(289, 49, 5),
(290, 49, 6),
(291, 49, 10),
(292, 49, 16),
(293, 49, 21),
(294, 49, 51),
(295, 50, 5),
(296, 50, 9),
(297, 50, 11),
(298, 50, 16),
(299, 50, 21),
(300, 50, 54),
(301, 51, 4),
(302, 51, 8),
(303, 51, 12),
(304, 51, 16),
(305, 51, 22),
(306, 51, 51),
(307, 52, 5),
(308, 52, 8),
(309, 52, 12),
(310, 52, 16),
(311, 52, 22),
(312, 52, 54),
(313, 53, 3),
(314, 53, 8),
(315, 53, 10),
(316, 53, 18),
(317, 53, 22),
(318, 53, 54),
(319, 54, 1),
(320, 54, 8),
(321, 54, 13),
(322, 54, 18),
(323, 54, 22),
(324, 54, 54),
(325, 55, 4),
(326, 55, 8),
(327, 55, 13),
(328, 55, 18),
(329, 55, 22),
(330, 55, 54),
(331, 56, 5),
(332, 56, 8),
(333, 56, 13),
(334, 56, 18),
(335, 56, 22),
(336, 56, 54),
(337, 57, 5),
(338, 57, 8),
(339, 57, 13),
(340, 57, 16),
(341, 57, 22),
(342, 57, 54),
(343, 58, 4),
(344, 58, 8),
(345, 58, 13),
(346, 58, 16),
(347, 58, 22),
(348, 58, 54),
(349, 59, 5),
(350, 59, 6),
(351, 59, 11),
(352, 59, 16),
(353, 59, 21),
(354, 59, 51),
(355, 60, 5),
(356, 60, 6),
(357, 60, 11),
(358, 60, 16),
(359, 60, 21),
(360, 60, 51),
(361, 61, 1),
(362, 61, 9),
(363, 61, 11),
(364, 61, 17),
(365, 61, 20),
(366, 61, 54),
(367, 62, 3),
(368, 62, 8),
(369, 62, 12),
(370, 62, 16),
(371, 62, 20),
(372, 62, 54),
(373, 63, 3),
(374, 63, 8),
(375, 63, 12),
(376, 63, 16),
(377, 63, 20),
(378, 63, 54),
(379, 64, 3),
(380, 64, 8),
(381, 64, 12),
(382, 64, 16),
(383, 64, 20),
(384, 64, 54),
(385, 65, 5),
(386, 65, 6),
(387, 65, 12),
(388, 65, 16),
(389, 65, 20),
(390, 65, 54),
(391, 66, 1),
(392, 66, 9),
(393, 66, 12),
(394, 66, 17),
(395, 66, 20),
(396, 66, 54),
(397, 67, 1),
(398, 67, 9),
(399, 67, 11),
(400, 67, 17),
(401, 67, 20),
(402, 67, 54),
(403, 68, 5),
(404, 68, 6),
(405, 68, 12),
(406, 68, 16),
(407, 68, 20),
(408, 68, 54),
(409, 69, 5),
(410, 69, 6),
(411, 69, 12),
(412, 69, 16),
(413, 69, 20),
(414, 69, 54),
(415, 70, 3),
(416, 70, 7),
(417, 70, 11),
(418, 70, 16),
(419, 70, 22),
(420, 70, 54),
(421, 71, 5),
(422, 71, 6),
(423, 71, 11),
(424, 71, 16),
(425, 71, 22),
(426, 71, 54),
(427, 72, 5),
(428, 72, 6),
(429, 72, 11),
(430, 72, 16),
(431, 72, 22),
(432, 72, 51),
(433, 73, 5),
(434, 73, 6),
(435, 73, 11),
(436, 73, 16),
(437, 73, 22),
(438, 73, 51),
(439, 74, 1),
(440, 74, 6),
(441, 74, 11),
(442, 74, 16),
(443, 74, 22),
(444, 74, 54),
(445, 75, 4),
(446, 75, 9),
(447, 75, 12),
(448, 75, 19),
(449, 75, 22),
(450, 75, 54),
(451, 76, 5),
(452, 76, 9),
(453, 76, 12),
(454, 76, 19),
(455, 76, 22),
(456, 76, 51),
(457, 77, 5),
(458, 77, 9),
(459, 77, 12),
(460, 77, 19),
(461, 77, 22),
(462, 77, 51),
(463, 78, 4),
(464, 78, 9),
(465, 78, 13),
(466, 78, 16),
(467, 78, 25),
(468, 78, 54),
(469, 79, 5),
(470, 79, 9),
(471, 79, 13),
(472, 79, 16),
(473, 79, 25),
(474, 79, 51),
(475, 80, 1),
(476, 80, 9),
(477, 80, 13),
(478, 80, 16),
(479, 80, 25),
(480, 80, 54),
(481, 81, 5),
(482, 81, 8),
(483, 81, 12),
(484, 81, 17),
(485, 81, 22),
(486, 81, 54),
(487, 82, 5),
(488, 82, 9),
(489, 82, 13),
(490, 82, 18),
(491, 82, 23),
(492, 82, 54),
(493, 83, 1),
(494, 83, 9),
(495, 83, 13),
(496, 83, 18),
(497, 83, 23),
(498, 83, 54),
(499, 84, 2),
(500, 84, 7),
(501, 84, 11),
(502, 84, 17),
(503, 84, 21),
(504, 84, 54),
(505, 85, 3),
(506, 85, 6),
(507, 85, 11),
(508, 85, 17),
(509, 85, 21),
(510, 85, 51),
(511, 86, 5),
(512, 86, 6),
(513, 86, 10),
(514, 86, 16),
(515, 86, 20),
(516, 86, 51),
(517, 87, 4),
(518, 87, 6),
(519, 87, 10),
(520, 87, 16),
(521, 87, 22),
(522, 87, 51),
(523, 88, 1),
(524, 88, 9),
(525, 88, 10),
(526, 88, 16),
(527, 88, 22),
(528, 88, 54),
(529, 89, 1),
(530, 89, 6),
(531, 89, 10),
(532, 89, 16),
(533, 89, 22),
(534, 89, 54),
(535, 90, 3),
(536, 90, 9),
(537, 90, 10),
(538, 90, 16),
(539, 90, 21),
(540, 90, 54),
(541, 91, 1),
(542, 91, 6),
(543, 91, 10),
(544, 91, 18),
(545, 91, 22),
(546, 91, 51),
(547, 92, 3),
(548, 92, 9),
(549, 92, 12),
(550, 92, 17),
(551, 92, 22),
(552, 92, 54),
(553, 93, 5),
(554, 93, 6),
(555, 93, 10),
(556, 93, 17),
(557, 93, 22),
(558, 93, 51),
(559, 94, 1),
(560, 94, 6),
(561, 94, 10),
(562, 94, 17),
(563, 94, 22),
(564, 94, 51),
(565, 95, 5),
(566, 95, 6),
(567, 95, 10),
(568, 95, 17),
(569, 95, 22),
(570, 95, 51),
(571, 96, 4),
(572, 96, 9),
(573, 96, 12),
(574, 96, 17),
(575, 96, 22),
(576, 96, 54),
(577, 97, 5),
(578, 97, 6),
(579, 97, 10),
(580, 97, 17),
(581, 97, 22),
(582, 97, 51),
(583, 98, 5),
(584, 98, 6),
(585, 98, 10),
(586, 98, 17),
(587, 98, 22),
(588, 98, 51),
(589, 99, 5),
(590, 99, 6),
(591, 99, 10),
(592, 99, 17),
(593, 99, 22),
(594, 99, 51),
(595, 100, 5),
(596, 100, 6),
(597, 100, 10),
(598, 100, 17),
(599, 100, 22),
(600, 100, 51),
(601, 101, 5),
(602, 101, 6),
(603, 101, 10),
(604, 101, 16),
(605, 101, 22),
(606, 101, 51),
(607, 102, 3),
(608, 102, 8),
(609, 102, 10),
(610, 102, 19),
(611, 102, 20),
(612, 102, 51),
(613, 103, 5),
(614, 103, 6),
(615, 103, 10),
(616, 103, 19),
(617, 103, 20),
(618, 103, 51),
(619, 104, 5),
(620, 104, 6),
(621, 104, 10),
(622, 104, 19),
(623, 104, 20),
(624, 104, 51),
(625, 105, 5),
(626, 105, 6),
(627, 105, 12),
(628, 105, 19),
(629, 105, 20),
(630, 105, 51),
(631, 106, 5),
(632, 106, 6),
(633, 106, 10),
(634, 106, 16),
(635, 106, 22),
(636, 106, 51),
(637, 107, 5),
(638, 107, 6),
(639, 107, 10),
(640, 107, 18),
(641, 107, 22),
(642, 107, 51),
(643, 108, 5),
(644, 108, 6),
(645, 108, 10),
(646, 108, 18),
(647, 108, 22),
(648, 108, 51),
(649, 109, 5),
(650, 109, 6),
(651, 109, 10),
(652, 109, 16),
(653, 109, 21),
(654, 109, 51),
(655, 110, 1),
(656, 110, 7),
(657, 110, 13),
(658, 110, 18),
(659, 110, 21),
(660, 110, 54),
(661, 111, 1),
(662, 111, 9),
(663, 111, 12),
(664, 111, 17),
(665, 111, 22),
(666, 111, 54),
(667, 112, 4),
(668, 112, 9),
(669, 112, 10),
(670, 112, 16),
(671, 112, 22),
(672, 112, 51),
(673, 113, 5),
(674, 113, 6),
(675, 113, 10),
(676, 113, 16),
(677, 113, 22),
(678, 113, 54),
(679, 114, 1),
(680, 114, 9),
(681, 114, 10),
(682, 114, 18),
(683, 114, 22),
(684, 114, 54),
(685, 115, 5),
(686, 115, 6),
(687, 115, 10),
(688, 115, 16),
(689, 115, 22),
(690, 115, 51),
(691, 116, 1),
(692, 116, 8),
(693, 116, 12),
(694, 116, 17),
(695, 116, 22),
(696, 116, 51),
(697, 117, 4),
(698, 117, 8),
(699, 117, 12),
(700, 117, 17),
(701, 117, 22),
(702, 117, 54),
(703, 118, 5),
(704, 118, 8),
(705, 118, 12),
(706, 118, 17),
(707, 118, 22),
(708, 118, 51),
(709, 119, 1),
(710, 119, 8),
(711, 119, 12),
(712, 119, 17),
(713, 119, 22),
(714, 119, 51),
(715, 120, 1),
(716, 120, 8),
(717, 120, 12),
(718, 120, 17),
(719, 120, 22),
(720, 120, 54),
(721, 121, 5),
(722, 121, 9),
(723, 121, 13),
(724, 121, 16),
(725, 121, 22),
(726, 121, 54),
(727, 122, 1),
(728, 122, 9),
(729, 122, 13),
(730, 122, 16),
(731, 122, 22),
(732, 122, 54),
(733, 123, 1),
(734, 123, 9),
(735, 123, 13),
(736, 123, 16),
(737, 123, 22),
(738, 123, 51),
(739, 124, 1),
(740, 124, 9),
(741, 124, 13),
(742, 124, 18),
(743, 124, 22),
(744, 124, 54),
(745, 125, 1),
(746, 125, 9),
(747, 125, 13),
(748, 125, 18),
(749, 125, 22),
(750, 125, 51),
(751, 126, 1),
(752, 126, 9),
(753, 126, 13),
(754, 126, 18),
(755, 126, 22),
(756, 126, 54),
(757, 127, 5),
(758, 127, 9),
(759, 127, 13),
(760, 127, 18),
(761, 127, 22),
(762, 127, 54),
(763, 128, 1),
(764, 128, 9),
(765, 128, 13),
(766, 128, 18),
(767, 128, 22),
(768, 128, 54),
(769, 129, 1),
(770, 129, 9),
(771, 129, 13),
(772, 129, 16),
(773, 129, 22),
(774, 129, 54),
(775, 130, 4),
(776, 130, 7),
(777, 130, 13),
(778, 130, 16),
(779, 130, 22),
(780, 130, 54),
(781, 131, 5),
(782, 131, 6),
(783, 131, 12),
(784, 131, 19),
(785, 131, 21),
(786, 131, 54),
(787, 132, 5),
(788, 132, 6),
(789, 132, 10),
(790, 132, 19),
(791, 132, 21),
(792, 132, 54),
(793, 133, 5),
(794, 133, 6),
(795, 133, 12),
(796, 133, 19),
(797, 133, 21),
(798, 133, 51),
(799, 134, 1),
(800, 134, 6),
(801, 134, 10),
(802, 134, 19),
(803, 134, 21),
(804, 134, 51),
(805, 135, 1),
(806, 135, 6),
(807, 135, 10),
(808, 135, 19),
(809, 135, 21),
(810, 135, 54),
(811, 136, 5),
(812, 136, 6),
(813, 136, 12),
(814, 136, 19),
(815, 136, 21),
(816, 136, 51),
(817, 137, 1),
(818, 137, 9),
(819, 137, 12),
(820, 137, 19),
(821, 137, 21),
(822, 137, 54),
(823, 138, 1),
(824, 138, 6),
(825, 138, 12),
(826, 138, 19),
(827, 138, 21),
(828, 138, 51),
(829, 139, 1),
(830, 139, 6),
(831, 139, 12),
(832, 139, 19),
(833, 139, 21),
(834, 139, 51),
(835, 140, 5),
(836, 140, 6),
(837, 140, 12),
(838, 140, 19),
(839, 140, 21),
(840, 140, 54),
(841, 141, 1),
(842, 141, 8),
(843, 141, 11),
(844, 141, 18),
(845, 141, 22),
(846, 141, 54),
(847, 142, 5),
(848, 142, 8),
(849, 142, 11),
(850, 142, 19),
(851, 142, 22),
(852, 142, 51),
(853, 143, 5),
(854, 143, 6),
(855, 143, 12),
(856, 143, 18),
(857, 143, 21),
(858, 143, 54),
(859, 144, 1),
(860, 144, 6),
(861, 144, 10),
(862, 144, 18),
(863, 144, 21),
(864, 144, 51),
(865, 145, 3),
(866, 145, 8),
(867, 145, 13),
(868, 145, 18),
(869, 145, 21),
(870, 145, 51),
(871, 146, 1),
(872, 146, 8),
(873, 146, 10),
(874, 146, 19),
(875, 146, 21),
(876, 146, 51),
(877, 147, 1),
(878, 147, 8),
(879, 147, 10),
(880, 147, 19),
(881, 147, 21),
(882, 147, 51),
(883, 148, 1),
(884, 148, 8),
(885, 148, 10),
(886, 148, 19),
(887, 148, 21),
(888, 148, 51),
(889, 149, 5),
(890, 149, 8),
(891, 149, 10),
(892, 149, 19),
(893, 149, 22),
(894, 149, 51),
(895, 150, 1),
(896, 150, 6),
(897, 150, 12),
(898, 150, 18),
(899, 150, 22),
(900, 150, 51),
(901, 151, 5),
(902, 151, 6),
(903, 151, 10),
(904, 151, 16),
(905, 151, 21),
(906, 151, 51),
(907, 152, 1),
(908, 152, 9),
(909, 152, 12),
(910, 152, 16),
(911, 152, 22),
(912, 152, 51),
(913, 153, 4),
(914, 153, 8),
(915, 153, 12),
(916, 153, 16),
(917, 153, 21),
(918, 153, 54),
(919, 154, 4),
(920, 154, 9),
(921, 154, 12),
(922, 154, 18),
(923, 154, 22),
(924, 154, 54),
(925, 155, 5),
(926, 155, 8),
(927, 155, 12),
(928, 155, 18),
(929, 155, 22),
(930, 155, 51),
(931, 156, 5),
(932, 156, 8),
(933, 156, 12),
(934, 156, 16),
(935, 156, 21),
(936, 156, 51),
(937, 157, 4),
(938, 157, 9),
(939, 157, 12),
(940, 157, 19),
(941, 157, 22),
(942, 157, 51),
(943, 158, 1),
(944, 158, 8),
(945, 158, 12),
(946, 158, 18),
(947, 158, 22),
(948, 158, 51),
(949, 159, 1),
(950, 159, 8),
(951, 159, 12),
(952, 159, 18),
(953, 159, 21),
(954, 159, 51),
(955, 160, 1),
(956, 160, 9),
(957, 160, 13),
(958, 160, 16),
(959, 160, 20),
(960, 160, 54),
(961, 161, 5),
(962, 161, 9),
(963, 161, 12),
(964, 161, 19),
(965, 161, 22),
(966, 161, 54),
(967, 162, 1),
(968, 162, 9),
(969, 162, 12),
(970, 162, 18),
(971, 162, 22),
(972, 162, 51),
(973, 163, 4),
(974, 163, 9),
(975, 163, 12),
(976, 163, 17),
(977, 163, 20),
(978, 163, 54),
(979, 164, 5),
(980, 164, 9),
(981, 164, 12),
(982, 164, 17),
(983, 164, 20),
(984, 164, 54),
(985, 165, 1),
(986, 165, 9),
(987, 165, 12),
(988, 165, 17),
(989, 165, 21),
(990, 165, 51),
(991, 166, 1),
(992, 166, 9),
(993, 166, 12),
(994, 166, 17),
(995, 166, 20),
(996, 166, 51),
(997, 167, 1),
(998, 167, 6),
(999, 167, 10),
(1000, 167, 18),
(1001, 167, 22),
(1002, 167, 54),
(1003, 168, 3),
(1004, 168, 9),
(1005, 168, 12),
(1006, 168, 18),
(1007, 168, 22),
(1008, 168, 54),
(1009, 169, 1),
(1010, 169, 9),
(1011, 169, 12),
(1012, 169, 18),
(1013, 169, 22),
(1014, 169, 51),
(1015, 170, 5),
(1016, 170, 9),
(1017, 170, 12),
(1018, 170, 18),
(1019, 170, 22),
(1020, 170, 51),
(1021, 171, 5),
(1022, 171, 8),
(1023, 171, 11),
(1024, 171, 16),
(1025, 171, 22),
(1026, 171, 54),
(1027, 172, 4),
(1028, 172, 8),
(1029, 172, 10),
(1030, 172, 16),
(1031, 172, 21),
(1032, 172, 51),
(1033, 173, 5),
(1034, 173, 8),
(1035, 173, 10),
(1036, 173, 16),
(1037, 173, 21),
(1038, 173, 51),
(1039, 174, 5),
(1040, 174, 6),
(1041, 174, 11),
(1042, 174, 16),
(1043, 174, 20),
(1044, 174, 51),
(1045, 175, 4),
(1046, 175, 7),
(1047, 175, 11),
(1048, 175, 16),
(1049, 175, 20),
(1050, 175, 51),
(1051, 176, 5),
(1052, 176, 7),
(1053, 176, 11),
(1054, 176, 16),
(1055, 176, 20),
(1056, 176, 51),
(1057, 177, 5),
(1058, 177, 7),
(1059, 177, 11),
(1060, 177, 16),
(1061, 177, 20),
(1062, 177, 54),
(1063, 178, 1),
(1064, 178, 7),
(1065, 178, 11),
(1066, 178, 16),
(1067, 178, 20),
(1068, 178, 51),
(1069, 179, 1),
(1070, 179, 9),
(1071, 179, 10),
(1072, 179, 19),
(1073, 179, 22),
(1074, 179, 52),
(1075, 180, 4),
(1076, 180, 9),
(1077, 180, 12),
(1078, 180, 19),
(1079, 180, 22),
(1080, 180, 54),
(1081, 181, 3),
(1082, 181, 9),
(1083, 181, 12),
(1084, 181, 16),
(1085, 181, 22),
(1086, 181, 54),
(1087, 182, 1),
(1088, 182, 9),
(1089, 182, 10),
(1090, 182, 18),
(1091, 182, 22),
(1092, 182, 51),
(1093, 183, 1),
(1094, 183, 6),
(1095, 183, 10),
(1096, 183, 18),
(1097, 183, 22),
(1098, 183, 51),
(1099, 184, 5),
(1100, 184, 6),
(1101, 184, 10),
(1102, 184, 18),
(1103, 184, 22),
(1104, 184, 51),
(1105, 185, 5),
(1106, 185, 9),
(1107, 185, 12),
(1108, 185, 17),
(1109, 185, 22),
(1110, 185, 54),
(1111, 186, 5),
(1112, 186, 9),
(1113, 186, 12),
(1114, 186, 17),
(1115, 186, 22),
(1116, 186, 54),
(1117, 187, 5),
(1118, 187, 6),
(1119, 187, 12),
(1120, 187, 16),
(1121, 187, 22),
(1122, 187, 51),
(1123, 188, 5),
(1124, 188, 6),
(1125, 188, 11),
(1126, 188, 17),
(1127, 188, 21),
(1128, 188, 54),
(1129, 189, 1),
(1130, 189, 6),
(1131, 189, 11),
(1132, 189, 17),
(1133, 189, 21),
(1134, 189, 54),
(1135, 190, 1),
(1136, 190, 6),
(1137, 190, 13),
(1138, 190, 18),
(1139, 190, 22),
(1140, 190, 51),
(1141, 191, 1),
(1142, 191, 9),
(1143, 191, 12),
(1144, 191, 18),
(1145, 191, 22),
(1146, 191, 54),
(1147, 192, 1),
(1148, 192, 9),
(1149, 192, 12),
(1150, 192, 18),
(1151, 192, 22),
(1152, 192, 54),
(1153, 193, 5),
(1154, 193, 9),
(1155, 193, 12),
(1156, 193, 16),
(1157, 193, 22),
(1158, 193, 54),
(1159, 194, 1),
(1160, 194, 9),
(1161, 194, 13),
(1162, 194, 16),
(1163, 194, 22),
(1164, 194, 54),
(1165, 195, 5),
(1166, 195, 9),
(1167, 195, 13),
(1168, 195, 16),
(1169, 195, 22),
(1170, 195, 54),
(1171, 196, 3),
(1172, 196, 9),
(1173, 196, 13),
(1174, 196, 16),
(1175, 196, 22),
(1176, 196, 54),
(1177, 197, 1),
(1178, 197, 9),
(1179, 197, 13),
(1180, 197, 16),
(1181, 197, 22),
(1182, 197, 54),
(1183, 198, 1),
(1184, 198, 9),
(1185, 198, 13),
(1186, 198, 16),
(1187, 198, 22),
(1188, 198, 54),
(1189, 199, 1),
(1190, 199, 9),
(1191, 199, 13),
(1192, 199, 16),
(1193, 199, 22),
(1194, 199, 54),
(1195, 200, 1),
(1196, 200, 9),
(1197, 200, 13),
(1198, 200, 16),
(1199, 200, 22),
(1200, 200, 54),
(1201, 201, 5),
(1202, 201, 6),
(1203, 201, 12),
(1204, 201, 18),
(1205, 201, 20),
(1206, 201, 54),
(1207, 202, 5),
(1208, 202, 6),
(1209, 202, 12),
(1210, 202, 18),
(1211, 202, 20),
(1212, 202, 54),
(1213, 203, 3),
(1214, 203, 6),
(1215, 203, 12),
(1216, 203, 16),
(1217, 203, 20),
(1218, 203, 54),
(1219, 204, 1),
(1220, 204, 6),
(1221, 204, 12),
(1222, 204, 18),
(1223, 204, 20),
(1224, 204, 54),
(1225, 205, 1),
(1226, 205, 6),
(1227, 205, 13),
(1228, 205, 19),
(1229, 205, 20),
(1230, 205, 54),
(1231, 206, 1),
(1232, 206, 6),
(1233, 206, 13),
(1234, 206, 19),
(1235, 206, 20),
(1236, 206, 51),
(1237, 207, 1),
(1238, 207, 6),
(1239, 207, 13),
(1240, 207, 19),
(1241, 207, 20),
(1242, 207, 51),
(1243, 208, 5),
(1244, 208, 6),
(1245, 208, 13),
(1246, 208, 19),
(1247, 208, 20),
(1248, 208, 51),
(1249, 209, 1),
(1250, 209, 6),
(1251, 209, 13),
(1252, 209, 19),
(1253, 209, 20),
(1254, 209, 51),
(1255, 210, 5),
(1256, 210, 6),
(1257, 210, 13),
(1258, 210, 19),
(1259, 210, 20),
(1260, 210, 51),
(1261, 211, 5),
(1262, 211, 6),
(1263, 211, 12),
(1264, 211, 17),
(1265, 211, 21),
(1266, 211, 51),
(1267, 212, 1),
(1268, 212, 6),
(1269, 212, 10),
(1270, 212, 17),
(1271, 212, 21),
(1272, 212, 51),
(1273, 213, 1),
(1274, 213, 9),
(1275, 213, 12),
(1276, 213, 17),
(1277, 213, 21),
(1278, 213, 54),
(1279, 214, 1),
(1280, 214, 6),
(1281, 214, 10),
(1282, 214, 18),
(1283, 214, 22),
(1284, 214, 54),
(1285, 215, 4),
(1286, 215, 9),
(1287, 215, 12),
(1288, 215, 18),
(1289, 215, 22),
(1290, 215, 54),
(1291, 216, 1),
(1292, 216, 7),
(1293, 216, 12),
(1294, 216, 16),
(1295, 216, 20),
(1296, 216, 54),
(1297, 217, 5),
(1298, 217, 7),
(1299, 217, 12),
(1300, 217, 16),
(1301, 217, 20),
(1302, 217, 54),
(1303, 218, 1),
(1304, 218, 7),
(1305, 218, 12),
(1306, 218, 16),
(1307, 218, 20),
(1308, 218, 54),
(1309, 219, 1),
(1310, 219, 7),
(1311, 219, 12),
(1312, 219, 16),
(1313, 219, 20),
(1314, 219, 54),
(1315, 220, 4),
(1316, 220, 7),
(1317, 220, 12),
(1318, 220, 17),
(1319, 220, 20),
(1320, 220, 54),
(1321, 221, 1),
(1322, 221, 8),
(1323, 221, 12),
(1324, 221, 18),
(1325, 221, 22),
(1326, 221, 51),
(1327, 222, 1),
(1328, 222, 8),
(1329, 222, 12),
(1330, 222, 18),
(1331, 222, 22),
(1332, 222, 51),
(1333, 223, 5),
(1334, 223, 8),
(1335, 223, 12),
(1336, 223, 18),
(1337, 223, 20),
(1338, 223, 54),
(1339, 224, 5),
(1340, 224, 9),
(1341, 224, 12),
(1342, 224, 16),
(1343, 224, 20),
(1344, 224, 54),
(1345, 225, 4),
(1346, 225, 9),
(1347, 225, 12),
(1348, 225, 16),
(1349, 225, 20),
(1350, 225, 54),
(1351, 226, 5),
(1352, 226, 6),
(1353, 226, 11),
(1354, 226, 16),
(1355, 226, 22),
(1356, 226, 54),
(1357, 227, 1),
(1358, 227, 6),
(1359, 227, 11),
(1360, 227, 16),
(1361, 227, 22),
(1362, 227, 54),
(1363, 228, 1),
(1364, 228, 6),
(1365, 228, 11),
(1366, 228, 16),
(1367, 228, 22),
(1368, 228, 54),
(1369, 229, 5),
(1370, 229, 6),
(1371, 229, 12),
(1372, 229, 16),
(1373, 229, 22),
(1374, 229, 54),
(1375, 230, 4),
(1376, 230, 9),
(1377, 230, 11),
(1378, 230, 16),
(1379, 230, 20),
(1380, 230, 51),
(1381, 231, 5),
(1382, 231, 9),
(1383, 231, 12),
(1384, 231, 16),
(1385, 231, 21),
(1386, 231, 54),
(1387, 232, 5),
(1388, 232, 8),
(1389, 232, 11),
(1390, 232, 16),
(1391, 232, 22),
(1392, 232, 51),
(1393, 233, 1),
(1394, 233, 9),
(1395, 233, 12),
(1396, 233, 16),
(1397, 233, 22),
(1398, 233, 54),
(1399, 234, 4),
(1400, 234, 9),
(1401, 234, 12),
(1402, 234, 16),
(1403, 234, 21),
(1404, 234, 54),
(1405, 235, 3),
(1406, 235, 9),
(1407, 235, 12),
(1408, 235, 16),
(1409, 235, 22),
(1410, 235, 54),
(1411, 236, 1),
(1412, 236, 9),
(1413, 236, 13),
(1414, 236, 16),
(1415, 236, 20),
(1416, 236, 54),
(1417, 237, 5),
(1418, 237, 6),
(1419, 237, 10),
(1420, 237, 19),
(1421, 237, 20),
(1422, 237, 51),
(1423, 238, 3),
(1424, 238, 9),
(1425, 238, 12),
(1426, 238, 16),
(1427, 238, 20),
(1428, 238, 55),
(1429, 239, 4),
(1430, 239, 9),
(1431, 239, 12),
(1432, 239, 16),
(1433, 239, 24),
(1434, 239, 54),
(1435, 240, 3),
(1436, 240, 9),
(1437, 240, 11),
(1438, 240, 16),
(1439, 240, 20),
(1440, 240, 54),
(1441, 241, 5),
(1442, 241, 6),
(1443, 241, 10),
(1444, 241, 16),
(1445, 241, 22),
(1446, 241, 51),
(1447, 242, 1),
(1448, 242, 9),
(1449, 242, 13),
(1450, 242, 19),
(1451, 242, 20),
(1452, 242, 54),
(1453, 243, 5),
(1454, 243, 8),
(1455, 243, 11),
(1456, 243, 18),
(1457, 243, 20),
(1458, 243, 51),
(1459, 244, 5),
(1460, 244, 6),
(1461, 244, 10),
(1462, 244, 18),
(1463, 244, 20),
(1464, 244, 51),
(1465, 245, 5),
(1466, 245, 9),
(1467, 245, 11),
(1468, 245, 17),
(1469, 245, 20),
(1470, 245, 54),
(1471, 246, 5),
(1472, 246, 8),
(1473, 246, 11),
(1474, 246, 18),
(1475, 246, 22),
(1476, 246, 51),
(1477, 247, 5),
(1478, 247, 6),
(1479, 247, 10),
(1480, 247, 16),
(1481, 247, 21),
(1482, 247, 51),
(1483, 248, 1),
(1484, 248, 6),
(1485, 248, 11),
(1486, 248, 18),
(1487, 248, 20),
(1488, 248, 54),
(1489, 249, 5),
(1490, 249, 6),
(1491, 249, 10),
(1492, 249, 18),
(1493, 249, 20),
(1494, 249, 51),
(1495, 250, 5),
(1496, 250, 7),
(1497, 250, 11),
(1498, 250, 16),
(1499, 250, 20),
(1500, 250, 51),
(1501, 251, 5),
(1502, 251, 9),
(1503, 251, 13),
(1504, 251, 16),
(1505, 251, 22),
(1506, 251, 54),
(1507, 252, 5),
(1508, 252, 6),
(1509, 252, 12),
(1510, 252, 18),
(1511, 252, 22),
(1512, 252, 51),
(1513, 253, 1),
(1514, 253, 6),
(1515, 253, 11),
(1516, 253, 18),
(1517, 253, 22),
(1518, 253, 51),
(1519, 254, 5),
(1520, 254, 6),
(1521, 254, 12),
(1522, 254, 18),
(1523, 254, 22),
(1524, 254, 51),
(1525, 255, 5),
(1526, 255, 9),
(1527, 255, 13),
(1528, 255, 16),
(1529, 255, 22),
(1530, 255, 51),
(1531, 256, 5),
(1532, 256, 9),
(1533, 256, 11),
(1534, 256, 18),
(1535, 256, 22),
(1536, 256, 51),
(1537, 257, 5),
(1538, 257, 9),
(1539, 257, 13),
(1540, 257, 18),
(1541, 257, 22),
(1542, 257, 51),
(1543, 258, 5),
(1544, 258, 6),
(1545, 258, 11),
(1546, 258, 18),
(1547, 258, 22),
(1548, 258, 51),
(1549, 259, 5),
(1550, 259, 8),
(1551, 259, 13),
(1552, 259, 16),
(1553, 259, 21),
(1554, 259, 51),
(1555, 260, 5),
(1556, 260, 7),
(1557, 260, 12),
(1558, 260, 16),
(1559, 260, 20),
(1560, 260, 51),
(1561, 261, 1),
(1562, 261, 6),
(1563, 261, 11),
(1564, 261, 16),
(1565, 261, 20),
(1566, 261, 55),
(1567, 262, 1),
(1568, 262, 8),
(1569, 262, 11),
(1570, 262, 16),
(1571, 262, 20),
(1572, 262, 55),
(1573, 263, 1),
(1574, 263, 6),
(1575, 263, 11),
(1576, 263, 16),
(1577, 263, 20),
(1578, 263, 55),
(1579, 264, 5),
(1580, 264, 6),
(1581, 264, 12),
(1582, 264, 16),
(1583, 264, 22),
(1584, 264, 52),
(1585, 265, 1),
(1586, 265, 9),
(1587, 265, 12),
(1588, 265, 16),
(1589, 265, 20),
(1590, 265, 54),
(1591, 266, 5),
(1592, 266, 9),
(1593, 266, 12),
(1594, 266, 16),
(1595, 266, 20),
(1596, 266, 54),
(1597, 267, 1),
(1598, 267, 9),
(1599, 267, 12),
(1600, 267, 16),
(1601, 267, 20),
(1602, 267, 54),
(1603, 268, 1),
(1604, 268, 9),
(1605, 268, 12),
(1606, 268, 16),
(1607, 268, 20),
(1608, 268, 54),
(1609, 269, 1),
(1610, 269, 9),
(1611, 269, 12),
(1612, 269, 16),
(1613, 269, 20),
(1614, 269, 54),
(1615, 270, 3),
(1616, 270, 7),
(1617, 270, 11),
(1618, 270, 16),
(1619, 270, 22),
(1620, 270, 54),
(1621, 271, 5),
(1622, 271, 9),
(1623, 271, 12),
(1624, 271, 16),
(1625, 271, 22),
(1626, 271, 54),
(1627, 272, 5),
(1628, 272, 9),
(1629, 272, 12),
(1630, 272, 16),
(1631, 272, 22),
(1632, 272, 54),
(1633, 273, 5),
(1634, 273, 9),
(1635, 273, 12),
(1636, 273, 16),
(1637, 273, 22),
(1638, 273, 54),
(1639, 274, 5),
(1640, 274, 9),
(1641, 274, 12),
(1642, 274, 16),
(1643, 274, 22),
(1644, 274, 54),
(1645, 275, 2),
(1646, 275, 9),
(1647, 275, 12),
(1648, 275, 17),
(1649, 275, 22),
(1650, 275, 54),
(1651, 276, 5),
(1652, 276, 9),
(1653, 276, 12),
(1654, 276, 17),
(1655, 276, 22),
(1656, 276, 54),
(1657, 277, 5),
(1658, 277, 9),
(1659, 277, 12),
(1660, 277, 17),
(1661, 277, 22),
(1662, 277, 54),
(1663, 278, 5),
(1664, 278, 9),
(1665, 278, 12),
(1666, 278, 17),
(1667, 278, 22),
(1668, 278, 54),
(1669, 279, 1),
(1670, 279, 9),
(1671, 279, 12),
(1672, 279, 17),
(1673, 279, 22),
(1674, 279, 54),
(1675, 280, 5),
(1676, 280, 9),
(1677, 280, 12),
(1678, 280, 17),
(1679, 280, 22),
(1680, 280, 54),
(1681, 281, 4),
(1682, 281, 6),
(1683, 281, 11),
(1684, 281, 16),
(1685, 281, 20),
(1686, 281, 54),
(1687, 282, 1),
(1688, 282, 6),
(1689, 282, 11),
(1690, 282, 16),
(1691, 282, 20),
(1692, 282, 54),
(1693, 283, 3),
(1694, 283, 7),
(1695, 283, 11),
(1696, 283, 16),
(1697, 283, 22),
(1698, 283, 55),
(1699, 284, 5),
(1700, 284, 7),
(1701, 284, 11),
(1702, 284, 16),
(1703, 284, 22),
(1704, 284, 55),
(1705, 285, 5),
(1706, 285, 6),
(1707, 285, 11),
(1708, 285, 16),
(1709, 285, 22),
(1710, 285, 55),
(1711, 286, 4),
(1712, 286, 9),
(1713, 286, 11),
(1714, 286, 16),
(1715, 286, 22),
(1716, 286, 54),
(1717, 287, 5),
(1718, 287, 6),
(1719, 287, 11),
(1720, 287, 16),
(1721, 287, 22),
(1722, 287, 54),
(1723, 288, 3),
(1724, 288, 9),
(1725, 288, 11),
(1726, 288, 16),
(1727, 288, 22),
(1728, 288, 54),
(1729, 289, 5),
(1730, 289, 9),
(1731, 289, 10),
(1732, 289, 16),
(1733, 289, 22),
(1734, 289, 51),
(1735, 290, 5),
(1736, 290, 9),
(1737, 290, 10),
(1738, 290, 16),
(1739, 290, 22),
(1740, 290, 51),
(1741, 291, 5),
(1742, 291, 9),
(1743, 291, 11),
(1744, 291, 16),
(1745, 291, 20),
(1746, 291, 54),
(1747, 292, 1),
(1748, 292, 7),
(1749, 292, 12),
(1750, 292, 16),
(1751, 292, 20),
(1752, 292, 54),
(1753, 293, 5),
(1754, 293, 9),
(1755, 293, 11),
(1756, 293, 16),
(1757, 293, 20),
(1758, 293, 54),
(1765, 295, 1),
(1766, 295, 7),
(1767, 295, 12),
(1768, 295, 16),
(1769, 295, 20),
(1770, 295, 54),
(1771, 296, 1),
(1772, 296, 9),
(1773, 296, 11),
(1774, 296, 16),
(1775, 296, 20),
(1776, 296, 54),
(1777, 297, 5),
(1778, 297, 9),
(1779, 297, 11),
(1780, 297, 16),
(1781, 297, 20),
(1782, 297, 54),
(1783, 298, 1),
(1784, 298, 9),
(1785, 298, 11),
(1786, 298, 16),
(1787, 298, 20),
(1788, 298, 54),
(1789, 299, 5),
(1790, 299, 9),
(1791, 299, 11),
(1792, 299, 16),
(1793, 299, 20),
(1794, 299, 54),
(1795, 300, 3),
(1796, 300, 9),
(1797, 300, 13),
(1798, 300, 16),
(1799, 300, 20),
(1800, 300, 54),
(1801, 301, 1),
(1802, 301, 8),
(1803, 301, 12),
(1804, 301, 16),
(1805, 301, 21),
(1806, 301, 54),
(1807, 302, 5),
(1808, 302, 9),
(1809, 302, 12),
(1810, 302, 17),
(1811, 302, 21),
(1812, 302, 54),
(1813, 303, 5),
(1814, 303, 7),
(1815, 303, 11),
(1816, 303, 17),
(1817, 303, 22),
(1818, 303, 54),
(1819, 304, 1),
(1820, 304, 8),
(1821, 304, 11),
(1822, 304, 17),
(1823, 304, 22),
(1824, 304, 54),
(1825, 305, 5),
(1826, 305, 6),
(1827, 305, 11),
(1828, 305, 17),
(1829, 305, 22),
(1830, 305, 54),
(1831, 306, 1),
(1832, 306, 6),
(1833, 306, 11),
(1834, 306, 19),
(1835, 306, 22),
(1836, 306, 51),
(1837, 307, 5),
(1838, 307, 6),
(1839, 307, 10),
(1840, 307, 19),
(1841, 307, 22),
(1842, 307, 51),
(1843, 308, 1),
(1844, 308, 9),
(1845, 308, 11),
(1846, 308, 19),
(1847, 308, 22),
(1848, 308, 51),
(1849, 309, 5),
(1850, 309, 6),
(1851, 309, 11),
(1852, 309, 16),
(1853, 309, 21),
(1854, 309, 54),
(1855, 310, 1),
(1856, 310, 8),
(1857, 310, 11),
(1858, 310, 16),
(1859, 310, 21),
(1860, 310, 54),
(1861, 311, 5),
(1862, 311, 7),
(1863, 311, 10),
(1864, 311, 18),
(1865, 311, 23),
(1866, 311, 54),
(1867, 312, 1),
(1868, 312, 8),
(1869, 312, 11),
(1870, 312, 16),
(1871, 312, 23),
(1872, 312, 54),
(1873, 313, 5),
(1874, 313, 6),
(1875, 313, 10),
(1876, 313, 18),
(1877, 313, 23),
(1878, 313, 51),
(1879, 314, 1),
(1880, 314, 8),
(1881, 314, 12),
(1882, 314, 17),
(1883, 314, 23),
(1884, 314, 54),
(1885, 315, 1),
(1886, 315, 8),
(1887, 315, 10),
(1888, 315, 17),
(1889, 315, 22),
(1890, 315, 54),
(1891, 316, 5),
(1892, 316, 7),
(1893, 316, 10),
(1894, 316, 16),
(1895, 316, 22),
(1896, 316, 51),
(1897, 317, 1),
(1898, 317, 9),
(1899, 317, 10),
(1900, 317, 16),
(1901, 317, 20),
(1902, 317, 54),
(1903, 318, 5),
(1904, 318, 6),
(1905, 318, 10),
(1906, 318, 17),
(1907, 318, 22),
(1908, 318, 51),
(1909, 319, 5),
(1910, 319, 8),
(1911, 319, 10),
(1912, 319, 17),
(1913, 319, 22),
(1914, 319, 54),
(1915, 320, 1),
(1916, 320, 6),
(1917, 320, 10),
(1918, 320, 18),
(1919, 320, 22),
(1920, 320, 54),
(1921, 321, 5),
(1922, 321, 6),
(1923, 321, 11),
(1924, 321, 17),
(1925, 321, 21),
(1926, 321, 51),
(1927, 322, 1),
(1928, 322, 6),
(1929, 322, 10),
(1930, 322, 18),
(1931, 322, 21),
(1932, 322, 51),
(1933, 323, 1),
(1934, 323, 6),
(1935, 323, 10),
(1936, 323, 18),
(1937, 323, 21),
(1938, 323, 51),
(1939, 324, 5),
(1940, 324, 6),
(1941, 324, 10),
(1942, 324, 17),
(1943, 324, 21),
(1944, 324, 51),
(1945, 325, 5),
(1946, 325, 6),
(1947, 325, 10),
(1948, 325, 17),
(1949, 325, 21),
(1950, 325, 51),
(1951, 326, 1),
(1952, 326, 9),
(1953, 326, 10),
(1954, 326, 17),
(1955, 326, 21),
(1956, 326, 54),
(1957, 327, 1),
(1958, 327, 6),
(1959, 327, 10),
(1960, 327, 17),
(1961, 327, 21),
(1962, 327, 51),
(1963, 328, 1),
(1964, 328, 6),
(1965, 328, 10),
(1966, 328, 17),
(1967, 328, 21),
(1968, 328, 51),
(1969, 329, 5),
(1970, 329, 6),
(1971, 329, 10),
(1972, 329, 17),
(1973, 329, 21),
(1974, 329, 51),
(1981, 331, 5),
(1982, 331, 6),
(1983, 331, 10),
(1984, 331, 16),
(1985, 331, 22),
(1986, 331, 51),
(1987, 332, 1),
(1988, 332, 8),
(1989, 332, 10),
(1990, 332, 16),
(1991, 332, 22),
(1992, 332, 51),
(1993, 333, 1),
(1994, 333, 8),
(1995, 333, 11),
(1996, 333, 16),
(1997, 333, 22),
(1998, 333, 54),
(1999, 334, 1),
(2000, 334, 7),
(2001, 334, 10),
(2002, 334, 16),
(2003, 334, 21),
(2004, 334, 54),
(2005, 335, 5),
(2006, 335, 6),
(2007, 335, 10),
(2008, 335, 16),
(2009, 335, 22),
(2010, 335, 54),
(2011, 336, 5),
(2012, 336, 6),
(2013, 336, 10),
(2014, 336, 16),
(2015, 336, 22),
(2016, 336, 54),
(2017, 337, 4),
(2018, 337, 6),
(2019, 337, 12),
(2020, 337, 16),
(2021, 337, 22),
(2022, 337, 54),
(2023, 338, 1),
(2024, 338, 6),
(2025, 338, 12),
(2026, 338, 16),
(2027, 338, 22),
(2028, 338, 54),
(2029, 339, 1),
(2030, 339, 6),
(2031, 339, 10),
(2032, 339, 16),
(2033, 339, 22),
(2034, 339, 54),
(2035, 340, 5),
(2036, 340, 6),
(2037, 340, 10),
(2038, 340, 16),
(2039, 340, 22),
(2040, 340, 54),
(2041, 341, 5),
(2042, 341, 6),
(2043, 341, 10),
(2044, 341, 16),
(2045, 341, 21),
(2046, 341, 54),
(2047, 342, 3),
(2048, 342, 6),
(2049, 342, 13),
(2050, 342, 16),
(2051, 342, 21),
(2052, 342, 54),
(2053, 343, 4),
(2054, 343, 7),
(2055, 343, 10),
(2056, 343, 16),
(2057, 343, 22),
(2058, 343, 51),
(2059, 344, 5),
(2060, 344, 6),
(2061, 344, 11),
(2062, 344, 16),
(2063, 344, 21),
(2064, 344, 51),
(2065, 345, 3),
(2066, 345, 6),
(2067, 345, 12),
(2068, 345, 18),
(2069, 345, 22),
(2070, 345, 54),
(2071, 346, 5),
(2072, 346, 6),
(2073, 346, 11),
(2074, 346, 18),
(2075, 346, 22),
(2076, 346, 54),
(2077, 347, 4),
(2078, 347, 6),
(2079, 347, 12),
(2080, 347, 16),
(2081, 347, 21),
(2082, 347, 54),
(2083, 348, 2),
(2084, 348, 8),
(2085, 348, 12),
(2086, 348, 17),
(2087, 348, 22),
(2088, 348, 54),
(2089, 349, 1),
(2090, 349, 8),
(2091, 349, 11),
(2092, 349, 17),
(2093, 349, 22),
(2094, 349, 54),
(2095, 350, 4),
(2096, 350, 7),
(2097, 350, 12),
(2098, 350, 17),
(2099, 350, 22),
(2100, 350, 54),
(2101, 351, 1),
(2102, 351, 8),
(2103, 351, 12),
(2104, 351, 18),
(2105, 351, 22),
(2106, 351, 54),
(2107, 352, 5),
(2108, 352, 8),
(2109, 352, 12),
(2110, 352, 16),
(2111, 352, 20),
(2112, 352, 54),
(2113, 353, 5),
(2114, 353, 8),
(2115, 353, 12),
(2116, 353, 16),
(2117, 353, 20),
(2118, 353, 54),
(2119, 354, 5),
(2120, 354, 8),
(2121, 354, 12),
(2122, 354, 16),
(2123, 354, 20),
(2124, 354, 54),
(2125, 355, 5),
(2126, 355, 6),
(2127, 355, 12),
(2128, 355, 16),
(2129, 355, 22),
(2130, 355, 51),
(2131, 356, 5),
(2132, 356, 8),
(2133, 356, 11),
(2134, 356, 18),
(2135, 356, 21),
(2136, 356, 51),
(2137, 357, 1),
(2138, 357, 8),
(2139, 357, 11),
(2140, 357, 18),
(2141, 357, 21),
(2142, 357, 51),
(2143, 358, 1),
(2144, 358, 8),
(2145, 358, 11),
(2146, 358, 18),
(2147, 358, 21),
(2148, 358, 54),
(2149, 359, 5),
(2150, 359, 8),
(2151, 359, 11),
(2152, 359, 18),
(2153, 359, 22),
(2154, 359, 51),
(2155, 360, 1),
(2156, 360, 6),
(2157, 360, 12),
(2158, 360, 18),
(2159, 360, 22),
(2160, 360, 54),
(2161, 361, 1),
(2162, 361, 9),
(2163, 361, 11),
(2164, 361, 18),
(2165, 361, 20),
(2166, 361, 54),
(2167, 362, 1),
(2168, 362, 9),
(2169, 362, 12),
(2170, 362, 16),
(2171, 362, 20),
(2172, 362, 54),
(2173, 363, 5),
(2174, 363, 6),
(2175, 363, 11),
(2176, 363, 17),
(2177, 363, 20),
(2178, 363, 54),
(2179, 364, 1),
(2180, 364, 9),
(2181, 364, 12),
(2182, 364, 17),
(2183, 364, 23),
(2184, 364, 54),
(2185, 365, 5),
(2186, 365, 6),
(2187, 365, 10),
(2188, 365, 19),
(2189, 365, 20),
(2190, 365, 54),
(2191, 366, 5),
(2192, 366, 6),
(2193, 366, 10),
(2194, 366, 16),
(2195, 366, 22),
(2196, 366, 51),
(2197, 367, 2),
(2198, 367, 8),
(2199, 367, 11),
(2200, 367, 16),
(2201, 367, 20),
(2202, 367, 54),
(2203, 368, 5),
(2204, 368, 9),
(2205, 368, 13),
(2206, 368, 16),
(2207, 368, 21),
(2208, 368, 54),
(2209, 369, 1),
(2210, 369, 9),
(2211, 369, 10),
(2212, 369, 18),
(2213, 369, 20),
(2214, 369, 54),
(2215, 370, 5),
(2216, 370, 6),
(2217, 370, 10),
(2218, 370, 16),
(2219, 370, 20),
(2220, 370, 51),
(2221, 371, 3),
(2222, 371, 7),
(2223, 371, 12),
(2224, 371, 16),
(2225, 371, 22),
(2226, 371, 54),
(2227, 372, 3),
(2228, 372, 6),
(2229, 372, 12),
(2230, 372, 16),
(2231, 372, 22),
(2232, 372, 54),
(2233, 373, 3),
(2234, 373, 7),
(2235, 373, 12),
(2236, 373, 16),
(2237, 373, 22),
(2238, 373, 54),
(2239, 374, 5),
(2240, 374, 6),
(2241, 374, 11),
(2242, 374, 16),
(2243, 374, 22),
(2244, 374, 54),
(2245, 375, 1),
(2246, 375, 9),
(2247, 375, 12),
(2248, 375, 16),
(2249, 375, 22),
(2250, 375, 54),
(2251, 376, 4),
(2252, 376, 9),
(2253, 376, 12),
(2254, 376, 16),
(2255, 376, 22),
(2256, 376, 54),
(2257, 377, 3),
(2258, 377, 7),
(2259, 377, 12),
(2260, 377, 17),
(2261, 377, 22),
(2262, 377, 54),
(2263, 378, 4),
(2264, 378, 8),
(2265, 378, 11),
(2266, 378, 17),
(2267, 378, 22),
(2268, 378, 54),
(2269, 379, 5),
(2270, 379, 6),
(2271, 379, 12),
(2272, 379, 16),
(2273, 379, 22),
(2274, 379, 51),
(2275, 380, 4),
(2276, 380, 9),
(2277, 380, 11),
(2278, 380, 17),
(2279, 380, 22),
(2280, 380, 54),
(2281, 381, 5),
(2282, 381, 6),
(2283, 381, 13),
(2284, 381, 16),
(2285, 381, 20),
(2286, 381, 54),
(2287, 382, 5),
(2288, 382, 6),
(2289, 382, 13),
(2290, 382, 16),
(2291, 382, 22),
(2292, 382, 54),
(2293, 383, 5),
(2294, 383, 9),
(2295, 383, 13),
(2296, 383, 16),
(2297, 383, 21),
(2298, 383, 54),
(2299, 384, 5),
(2300, 384, 6),
(2301, 384, 11),
(2302, 384, 17),
(2303, 384, 22),
(2304, 384, 54),
(2305, 385, 5),
(2306, 385, 6),
(2307, 385, 11),
(2308, 385, 16),
(2309, 385, 21),
(2310, 385, 54),
(2311, 386, 5),
(2312, 386, 6),
(2313, 386, 12),
(2314, 386, 16),
(2315, 386, 22),
(2316, 386, 54),
(2317, 387, 5),
(2318, 387, 9),
(2319, 387, 12),
(2320, 387, 16),
(2321, 387, 20),
(2322, 387, 55),
(2323, 388, 4),
(2324, 388, 6),
(2325, 388, 12),
(2326, 388, 16),
(2327, 388, 22),
(2328, 388, 54),
(2329, 389, 5),
(2330, 389, 6),
(2331, 389, 10),
(2332, 389, 16),
(2333, 389, 22),
(2334, 389, 51),
(2335, 390, 5),
(2336, 390, 6),
(2337, 390, 10),
(2338, 390, 17),
(2339, 390, 25),
(2340, 390, 51),
(2341, 391, 1),
(2342, 391, 7),
(2343, 391, 12),
(2344, 391, 17),
(2345, 391, 21),
(2346, 391, 54),
(2347, 392, 1),
(2348, 392, 8),
(2349, 392, 11),
(2350, 392, 16),
(2351, 392, 21),
(2352, 392, 54),
(2353, 393, 5),
(2354, 393, 8),
(2355, 393, 12),
(2356, 393, 17),
(2357, 393, 21),
(2358, 393, 54),
(2359, 394, 5),
(2360, 394, 8),
(2361, 394, 11),
(2362, 394, 16),
(2363, 394, 20),
(2364, 394, 51),
(2365, 395, 1),
(2366, 395, 9),
(2367, 395, 11),
(2368, 395, 17),
(2369, 395, 21),
(2370, 395, 54),
(2371, 396, 5),
(2372, 396, 7),
(2373, 396, 12),
(2374, 396, 17),
(2375, 396, 22),
(2376, 396, 54),
(2377, 397, 1),
(2378, 397, 9),
(2379, 397, 13),
(2380, 397, 16),
(2381, 397, 20),
(2382, 397, 54),
(2383, 398, 5),
(2384, 398, 7),
(2385, 398, 11),
(2386, 398, 16),
(2387, 398, 21),
(2388, 398, 54),
(2389, 399, 1),
(2390, 399, 8),
(2391, 399, 11),
(2392, 399, 17),
(2393, 399, 22),
(2394, 399, 54),
(2395, 400, 5),
(2396, 400, 7),
(2397, 400, 11),
(2398, 400, 16),
(2399, 400, 21),
(2400, 400, 51),
(2401, 401, 5),
(2402, 401, 6),
(2403, 401, 11),
(2404, 401, 16),
(2405, 401, 25),
(2406, 401, 51),
(2407, 402, 3),
(2408, 402, 6),
(2409, 402, 11),
(2410, 402, 16),
(2411, 402, 20),
(2412, 402, 54),
(2413, 403, 3),
(2414, 403, 6),
(2415, 403, 11),
(2416, 403, 16),
(2417, 403, 22),
(2418, 403, 51),
(2419, 404, 3),
(2420, 404, 6),
(2421, 404, 10),
(2422, 404, 16),
(2423, 404, 22),
(2424, 404, 51),
(2425, 405, 3),
(2426, 405, 6),
(2427, 405, 12),
(2428, 405, 16),
(2429, 405, 22),
(2430, 405, 51),
(2431, 406, 3),
(2432, 406, 6),
(2433, 406, 11),
(2434, 406, 16),
(2435, 406, 22),
(2436, 406, 54),
(2437, 407, 4),
(2438, 407, 6),
(2439, 407, 11),
(2440, 407, 17),
(2441, 407, 21),
(2442, 407, 51),
(2443, 408, 1),
(2444, 408, 6),
(2445, 408, 13),
(2446, 408, 16),
(2447, 408, 22),
(2448, 408, 51),
(2449, 409, 3),
(2450, 409, 6),
(2451, 409, 12),
(2452, 409, 16),
(2453, 409, 25),
(2454, 409, 51),
(2455, 410, 5),
(2456, 410, 6),
(2457, 410, 10),
(2458, 410, 17),
(2459, 410, 22),
(2460, 410, 54),
(2461, 411, 1),
(2462, 411, 6),
(2463, 411, 10),
(2464, 411, 16),
(2465, 411, 22),
(2466, 411, 54),
(2467, 412, 1),
(2468, 412, 6),
(2469, 412, 12),
(2470, 412, 16),
(2471, 412, 22),
(2472, 412, 54),
(2473, 413, 1),
(2474, 413, 6),
(2475, 413, 13),
(2476, 413, 16),
(2477, 413, 22),
(2478, 413, 54),
(2479, 414, 3),
(2480, 414, 6),
(2481, 414, 11),
(2482, 414, 16),
(2483, 414, 22),
(2484, 414, 51),
(2485, 415, 4),
(2486, 415, 6),
(2487, 415, 11),
(2488, 415, 16),
(2489, 415, 22),
(2490, 415, 51),
(2491, 416, 4),
(2492, 416, 6),
(2493, 416, 12),
(2494, 416, 16),
(2495, 416, 22),
(2496, 416, 54),
(2497, 417, 5),
(2498, 417, 6),
(2499, 417, 10),
(2500, 417, 18),
(2501, 417, 22),
(2502, 417, 51),
(2503, 418, 1),
(2504, 418, 6),
(2505, 418, 13),
(2506, 418, 16),
(2507, 418, 22),
(2508, 418, 54),
(2509, 419, 3),
(2510, 419, 6),
(2511, 419, 10),
(2512, 419, 16),
(2513, 419, 22),
(2514, 419, 54),
(2515, 420, 5),
(2516, 420, 6),
(2517, 420, 12),
(2518, 420, 17),
(2519, 420, 22),
(2520, 420, 51),
(2521, 421, 5),
(2522, 421, 6),
(2523, 421, 10),
(2524, 421, 16),
(2525, 421, 21),
(2526, 421, 51),
(2527, 422, 4),
(2528, 422, 6),
(2529, 422, 11),
(2530, 422, 16),
(2531, 422, 23),
(2532, 422, 54),
(2533, 423, 3),
(2534, 423, 6),
(2535, 423, 10),
(2536, 423, 16),
(2537, 423, 20),
(2538, 423, 51),
(2539, 424, 4),
(2540, 424, 6),
(2541, 424, 12),
(2542, 424, 18),
(2543, 424, 21),
(2544, 424, 54),
(2545, 425, 5),
(2546, 425, 6),
(2547, 425, 10),
(2548, 425, 19),
(2549, 425, 20),
(2550, 425, 51),
(2551, 426, 3),
(2552, 426, 6),
(2553, 426, 12),
(2554, 426, 18),
(2555, 426, 21),
(2556, 426, 54),
(2557, 427, 5),
(2558, 427, 6),
(2559, 427, 11),
(2560, 427, 16),
(2561, 427, 21),
(2562, 427, 51),
(2563, 428, 5),
(2564, 428, 6),
(2565, 428, 10),
(2566, 428, 16),
(2567, 428, 22),
(2568, 428, 51),
(2569, 429, 5),
(2570, 429, 6),
(2571, 429, 10),
(2572, 429, 18),
(2573, 429, 21),
(2574, 429, 51),
(2575, 430, 3),
(2576, 430, 6),
(2577, 430, 10),
(2578, 430, 16),
(2579, 430, 20),
(2580, 430, 51),
(2581, 431, 5),
(2582, 431, 6),
(2583, 431, 10),
(2584, 431, 19),
(2585, 431, 22),
(2586, 431, 51),
(2587, 432, 5),
(2588, 432, 6),
(2589, 432, 10),
(2590, 432, 16),
(2591, 432, 22),
(2592, 432, 54),
(2593, 433, 5),
(2594, 433, 6),
(2595, 433, 10),
(2596, 433, 19),
(2597, 433, 22),
(2598, 433, 52),
(2599, 434, 4),
(2600, 434, 6),
(2601, 434, 11),
(2602, 434, 19),
(2603, 434, 22),
(2604, 434, 54),
(2605, 435, 5),
(2606, 435, 6),
(2607, 435, 10),
(2608, 435, 16),
(2609, 435, 22),
(2610, 435, 51),
(2611, 436, 5),
(2612, 436, 6),
(2613, 436, 10),
(2614, 436, 19),
(2615, 436, 20),
(2616, 436, 51),
(2617, 437, 3),
(2618, 437, 6),
(2619, 437, 12),
(2620, 437, 16),
(2621, 437, 21),
(2622, 437, 54),
(2623, 438, 3),
(2624, 438, 6),
(2625, 438, 12),
(2626, 438, 16),
(2627, 438, 22),
(2628, 438, 54),
(2629, 439, 4),
(2630, 439, 6),
(2631, 439, 10),
(2632, 439, 19),
(2633, 439, 20),
(2634, 439, 54),
(2635, 440, 5),
(2636, 440, 6),
(2637, 440, 10),
(2638, 440, 16),
(2639, 440, 24),
(2640, 440, 51),
(2641, 441, 1),
(2642, 441, 6),
(2643, 441, 10),
(2644, 441, 18),
(2645, 441, 22),
(2646, 441, 54),
(2647, 442, 3),
(2648, 442, 6),
(2649, 442, 12),
(2650, 442, 19),
(2651, 442, 25),
(2652, 442, 51),
(2653, 443, 5),
(2654, 443, 6),
(2655, 443, 10),
(2656, 443, 17),
(2657, 443, 22),
(2658, 443, 51),
(2659, 444, 4),
(2660, 444, 6),
(2661, 444, 12),
(2662, 444, 18),
(2663, 444, 22),
(2664, 444, 51),
(2665, 445, 5),
(2666, 445, 6),
(2667, 445, 10),
(2668, 445, 16),
(2669, 445, 22),
(2670, 445, 51),
(2671, 446, 5),
(2672, 446, 6),
(2673, 446, 10),
(2674, 446, 16),
(2675, 446, 22),
(2676, 446, 51),
(2677, 447, 5),
(2678, 447, 6),
(2679, 447, 12),
(2680, 447, 16),
(2681, 447, 22),
(2682, 447, 51),
(2683, 448, 5),
(2684, 448, 6),
(2685, 448, 12),
(2686, 448, 17),
(2687, 448, 22),
(2688, 448, 54),
(2689, 449, 5),
(2690, 449, 6),
(2691, 449, 10),
(2692, 449, 16),
(2693, 449, 22),
(2694, 449, 51),
(2695, 450, 5),
(2696, 450, 6),
(2697, 450, 10),
(2698, 450, 16),
(2699, 450, 22),
(2700, 450, 51),
(2701, 451, 5),
(2702, 451, 6),
(2703, 451, 10),
(2704, 451, 17),
(2705, 451, 22),
(2706, 451, 51),
(2707, 452, 5),
(2708, 452, 6),
(2709, 452, 10),
(2710, 452, 16),
(2711, 452, 22),
(2712, 452, 51),
(2713, 453, 5),
(2714, 453, 6),
(2715, 453, 11),
(2716, 453, 16),
(2717, 453, 22),
(2718, 453, 51),
(2719, 454, 4),
(2720, 454, 6),
(2721, 454, 11),
(2722, 454, 16),
(2723, 454, 22),
(2724, 454, 51),
(2725, 455, 5),
(2726, 455, 6),
(2727, 455, 10),
(2728, 455, 17),
(2729, 455, 22),
(2730, 455, 51),
(2731, 456, 1),
(2732, 456, 6),
(2733, 456, 11),
(2734, 456, 18),
(2735, 456, 22),
(2736, 456, 52),
(2737, 457, 5),
(2738, 457, 6),
(2739, 457, 12),
(2740, 457, 16),
(2741, 457, 22),
(2742, 457, 51),
(2743, 458, 5),
(2744, 458, 6),
(2745, 458, 10),
(2746, 458, 16),
(2747, 458, 22),
(2748, 458, 51),
(2749, 459, 4),
(2750, 459, 6),
(2751, 459, 12),
(2752, 459, 18),
(2753, 459, 21),
(2754, 459, 54),
(2755, 460, 5),
(2756, 460, 6),
(2757, 460, 10),
(2758, 460, 16),
(2759, 460, 22),
(2760, 460, 51),
(2761, 461, 5),
(2762, 461, 6),
(2763, 461, 10),
(2764, 461, 18),
(2765, 461, 22),
(2766, 461, 51),
(2767, 462, 5),
(2768, 462, 6),
(2769, 462, 10),
(2770, 462, 19),
(2771, 462, 22),
(2772, 462, 51),
(2773, 463, 5),
(2774, 463, 6),
(2775, 463, 10),
(2776, 463, 16),
(2777, 463, 22),
(2778, 463, 51),
(2779, 464, 3),
(2780, 464, 6),
(2781, 464, 12),
(2782, 464, 16),
(2783, 464, 20),
(2784, 464, 54),
(2785, 465, 5),
(2786, 465, 6),
(2787, 465, 11),
(2788, 465, 19),
(2789, 465, 20),
(2790, 465, 51),
(2791, 466, 1),
(2792, 466, 6),
(2793, 466, 10),
(2794, 466, 19),
(2795, 466, 22),
(2796, 466, 51),
(2797, 467, 1),
(2798, 467, 6),
(2799, 467, 12),
(2800, 467, 19),
(2801, 467, 21),
(2802, 467, 51),
(2803, 468, 5),
(2804, 468, 6),
(2805, 468, 11),
(2806, 468, 18),
(2807, 468, 22),
(2808, 468, 54),
(2809, 469, 5),
(2810, 469, 6),
(2811, 469, 12),
(2812, 469, 18),
(2813, 469, 21),
(2814, 469, 51),
(2815, 470, 5),
(2816, 470, 6),
(2817, 470, 10),
(2818, 470, 16),
(2819, 470, 22),
(2820, 470, 51),
(2821, 471, 1),
(2822, 471, 6),
(2823, 471, 12),
(2824, 471, 16),
(2825, 471, 22),
(2826, 471, 54),
(2827, 472, 5),
(2828, 472, 6),
(2829, 472, 11),
(2830, 472, 16),
(2831, 472, 21),
(2832, 472, 51),
(2833, 473, 5),
(2834, 473, 6),
(2835, 473, 13),
(2836, 473, 19),
(2837, 473, 22),
(2838, 473, 54),
(2839, 474, 5),
(2840, 474, 6),
(2841, 474, 10),
(2842, 474, 16),
(2843, 474, 22),
(2844, 474, 51),
(2845, 475, 1),
(2846, 475, 6),
(2847, 475, 10),
(2848, 475, 19),
(2849, 475, 22),
(2850, 475, 51),
(2851, 476, 5),
(2852, 476, 6),
(2853, 476, 10),
(2854, 476, 17),
(2855, 476, 22),
(2856, 476, 51),
(2857, 477, 4),
(2858, 477, 6),
(2859, 477, 12),
(2860, 477, 17),
(2861, 477, 22),
(2862, 477, 54),
(2863, 478, 3),
(2864, 478, 6),
(2865, 478, 12),
(2866, 478, 16),
(2867, 478, 20),
(2868, 478, 54),
(2869, 479, 5),
(2870, 479, 6),
(2871, 479, 10),
(2872, 479, 19),
(2873, 479, 21),
(2874, 479, 51),
(2875, 480, 5),
(2876, 480, 6),
(2877, 480, 10),
(2878, 480, 19),
(2879, 480, 22),
(2880, 480, 51),
(2881, 481, 4),
(2882, 481, 6),
(2883, 481, 11),
(2884, 481, 19),
(2885, 481, 22),
(2886, 481, 51),
(2887, 482, 3),
(2888, 482, 6),
(2889, 482, 13),
(2890, 482, 16),
(2891, 482, 22),
(2892, 482, 51),
(2893, 483, 5),
(2894, 483, 6),
(2895, 483, 11),
(2896, 483, 16),
(2897, 483, 22),
(2898, 483, 54),
(2899, 484, 5),
(2900, 484, 6),
(2901, 484, 12),
(2902, 484, 16),
(2903, 484, 20),
(2904, 484, 55),
(2905, 485, 2),
(2906, 485, 6),
(2907, 485, 11),
(2908, 485, 16),
(2909, 485, 22),
(2910, 485, 51),
(2911, 486, 3),
(2912, 486, 6),
(2913, 486, 13),
(2914, 486, 16),
(2915, 486, 22),
(2916, 486, 54),
(2917, 487, 5),
(2918, 487, 6),
(2919, 487, 13),
(2920, 487, 16),
(2921, 487, 22),
(2922, 487, 55),
(2923, 488, 3),
(2924, 488, 6),
(2925, 488, 13),
(2926, 488, 18),
(2927, 488, 22),
(2928, 488, 54),
(2929, 489, 1),
(2930, 489, 6),
(2931, 489, 11),
(2932, 489, 16),
(2933, 489, 22),
(2934, 489, 51),
(2935, 490, 1),
(2936, 490, 6),
(2937, 490, 12),
(2938, 490, 18),
(2939, 490, 22),
(2940, 490, 51),
(2941, 491, 5),
(2942, 491, 6),
(2943, 491, 11),
(2944, 491, 17),
(2945, 491, 21),
(2946, 491, 54),
(2947, 492, 5),
(2948, 492, 6),
(2949, 492, 10),
(2950, 492, 16),
(2951, 492, 22),
(2952, 492, 51),
(2953, 493, 4),
(2954, 493, 6),
(2955, 493, 13),
(2956, 493, 17),
(2957, 493, 22),
(2958, 493, 54),
(2959, 494, 3),
(2960, 494, 6),
(2961, 494, 12),
(2962, 494, 16),
(2963, 494, 20),
(2964, 494, 54),
(2965, 495, 4),
(2966, 495, 6),
(2967, 495, 12),
(2968, 495, 16),
(2969, 495, 22),
(2970, 495, 54),
(2971, 496, 5),
(2972, 496, 6),
(2973, 496, 11),
(2974, 496, 17),
(2975, 496, 22),
(2976, 496, 51),
(2977, 497, 3),
(2978, 497, 6),
(2979, 497, 13),
(2980, 497, 17),
(2981, 497, 20),
(2982, 497, 54),
(2983, 498, 3),
(2984, 498, 6),
(2985, 498, 11),
(2986, 498, 16),
(2987, 498, 22),
(2988, 498, 51),
(2989, 499, 5),
(2990, 499, 6),
(2991, 499, 10),
(2992, 499, 19),
(2993, 499, 22),
(2994, 499, 54),
(2995, 500, 1),
(2996, 500, 6),
(2997, 500, 13),
(2998, 500, 18),
(2999, 500, 22),
(3000, 500, 54),
(3001, 501, 3),
(3002, 501, 6),
(3003, 501, 11),
(3004, 501, 16),
(3005, 501, 21),
(3006, 501, 51),
(3007, 502, 4),
(3008, 502, 6),
(3009, 502, 12),
(3010, 502, 17),
(3011, 502, 22),
(3012, 502, 51),
(3013, 503, 3),
(3014, 503, 6),
(3015, 503, 10),
(3016, 503, 16),
(3017, 503, 23),
(3018, 503, 51),
(3019, 504, 3),
(3020, 504, 6),
(3021, 504, 11),
(3022, 504, 16),
(3023, 504, 22),
(3024, 504, 51),
(3025, 505, 5),
(3026, 505, 6),
(3027, 505, 10),
(3028, 505, 19),
(3029, 505, 22),
(3030, 505, 51),
(3031, 506, 5),
(3032, 506, 6),
(3033, 506, 10),
(3034, 506, 19),
(3035, 506, 20),
(3036, 506, 51),
(3037, 507, 4),
(3038, 507, 6),
(3039, 507, 12),
(3040, 507, 18),
(3041, 507, 22),
(3042, 507, 51),
(3043, 508, 3),
(3044, 508, 6),
(3045, 508, 13),
(3046, 508, 16),
(3047, 508, 20),
(3048, 508, 51),
(3049, 509, 5),
(3050, 509, 6),
(3051, 509, 13),
(3052, 509, 16),
(3053, 509, 22),
(3054, 509, 51),
(3055, 510, 3),
(3056, 510, 6),
(3057, 510, 10),
(3058, 510, 17),
(3059, 510, 21),
(3060, 510, 54),
(3061, 511, 4),
(3062, 511, 6),
(3063, 511, 11),
(3064, 511, 19),
(3065, 511, 22),
(3066, 511, 51),
(3067, 512, 5),
(3068, 512, 6),
(3069, 512, 10),
(3070, 512, 16),
(3071, 512, 21),
(3072, 512, 51),
(3073, 513, 5),
(3074, 513, 6),
(3075, 513, 13),
(3076, 513, 16),
(3077, 513, 20),
(3078, 513, 55),
(3079, 514, 5),
(3080, 514, 6),
(3081, 514, 11),
(3082, 514, 16),
(3083, 514, 22),
(3084, 514, 51),
(3085, 515, 5),
(3086, 515, 6),
(3087, 515, 11),
(3088, 515, 16),
(3089, 515, 20),
(3090, 515, 51),
(3091, 516, 5),
(3092, 516, 6),
(3093, 516, 10),
(3094, 516, 16),
(3095, 516, 23),
(3096, 516, 51),
(3097, 517, 5),
(3098, 517, 6),
(3099, 517, 11),
(3100, 517, 16),
(3101, 517, 24),
(3102, 517, 51),
(3103, 518, 5),
(3104, 518, 6),
(3105, 518, 10),
(3106, 518, 18),
(3107, 518, 21),
(3108, 518, 51),
(3109, 519, 1),
(3110, 519, 6),
(3111, 519, 11),
(3112, 519, 17),
(3113, 519, 24),
(3114, 519, 51),
(3115, 520, 5),
(3116, 520, 6),
(3117, 520, 11),
(3118, 520, 16),
(3119, 520, 20),
(3120, 520, 54),
(3121, 521, 3),
(3122, 521, 7),
(3123, 521, 11),
(3124, 521, 16),
(3125, 521, 20),
(3126, 521, 51),
(3127, 522, 5),
(3128, 522, 6),
(3129, 522, 10),
(3130, 522, 16),
(3131, 522, 21),
(3132, 522, 51),
(3133, 523, 3),
(3134, 523, 6),
(3135, 523, 11),
(3136, 523, 18),
(3137, 523, 22),
(3138, 523, 51),
(3139, 524, 3),
(3140, 524, 6),
(3141, 524, 13),
(3142, 524, 18),
(3143, 524, 22),
(3144, 524, 54),
(3145, 525, 3),
(3146, 525, 6),
(3147, 525, 10),
(3148, 525, 16),
(3149, 525, 20),
(3150, 525, 51),
(3151, 526, 5),
(3152, 526, 6),
(3153, 526, 10),
(3154, 526, 16),
(3155, 526, 22),
(3156, 526, 51),
(3157, 527, 1),
(3158, 527, 6),
(3159, 527, 12),
(3160, 527, 16),
(3161, 527, 21),
(3162, 527, 54),
(3163, 528, 1),
(3164, 528, 6),
(3165, 528, 11),
(3166, 528, 16),
(3167, 528, 21),
(3168, 528, 54),
(3169, 529, 1),
(3170, 529, 6),
(3171, 529, 13),
(3172, 529, 16),
(3173, 529, 22),
(3174, 529, 54),
(3175, 530, 1),
(3176, 530, 6),
(3177, 530, 12),
(3178, 530, 16),
(3179, 530, 22),
(3180, 530, 54),
(3181, 531, 5),
(3182, 531, 6),
(3183, 531, 13),
(3184, 531, 17),
(3185, 531, 22),
(3186, 531, 51),
(3187, 532, 1),
(3188, 532, 6),
(3189, 532, 11),
(3190, 532, 16),
(3191, 532, 20),
(3192, 532, 54),
(3193, 533, 5),
(3194, 533, 6),
(3195, 533, 10),
(3196, 533, 16),
(3197, 533, 22),
(3198, 533, 54),
(3199, 534, 3),
(3200, 534, 6),
(3201, 534, 10),
(3202, 534, 16),
(3203, 534, 21),
(3204, 534, 51),
(3205, 535, 4),
(3206, 535, 6),
(3207, 535, 11),
(3208, 535, 16),
(3209, 535, 21),
(3210, 535, 54),
(3211, 536, 5),
(3212, 536, 6),
(3213, 536, 10),
(3214, 536, 16),
(3215, 536, 21),
(3216, 536, 55),
(3217, 537, 1),
(3218, 537, 7),
(3219, 537, 12),
(3220, 537, 16),
(3221, 537, 21),
(3222, 537, 54),
(3223, 538, 5),
(3224, 538, 7),
(3225, 538, 10),
(3226, 538, 16),
(3227, 538, 21),
(3228, 538, 51),
(3229, 539, 5),
(3230, 539, 6),
(3231, 539, 10),
(3232, 539, 16),
(3233, 539, 22),
(3234, 539, 51),
(3235, 540, 5),
(3236, 540, 6),
(3237, 540, 11),
(3238, 540, 16),
(3239, 540, 21),
(3240, 540, 54),
(3241, 541, 5),
(3242, 541, 6),
(3243, 541, 11),
(3244, 541, 16),
(3245, 541, 20),
(3246, 541, 51),
(3247, 542, 3),
(3248, 542, 7),
(3249, 542, 12),
(3250, 542, 16),
(3251, 542, 20),
(3252, 542, 54),
(3253, 543, 5),
(3254, 543, 6),
(3255, 543, 12),
(3256, 543, 16),
(3257, 543, 20),
(3258, 543, 55),
(3259, 544, 3),
(3260, 544, 6),
(3261, 544, 12),
(3262, 544, 16),
(3263, 544, 21),
(3264, 544, 54),
(3265, 545, 5),
(3266, 545, 7),
(3267, 545, 11),
(3268, 545, 17),
(3269, 545, 22),
(3270, 545, 54),
(3271, 546, 4),
(3272, 546, 7),
(3273, 546, 11),
(3274, 546, 17),
(3275, 546, 21),
(3276, 546, 52),
(3277, 547, 3),
(3278, 547, 6),
(3279, 547, 12),
(3280, 547, 16),
(3281, 547, 21),
(3282, 547, 54),
(3283, 548, 5),
(3284, 548, 6),
(3285, 548, 10),
(3286, 548, 16),
(3287, 548, 21),
(3288, 548, 54),
(3289, 549, 5),
(3290, 549, 6),
(3291, 549, 10),
(3292, 549, 19),
(3293, 549, 22),
(3294, 549, 51),
(3295, 550, 5),
(3296, 550, 6),
(3297, 550, 10),
(3298, 550, 16),
(3299, 550, 22),
(3300, 550, 51),
(3301, 551, 5),
(3302, 551, 6),
(3303, 551, 12),
(3304, 551, 16),
(3305, 551, 21),
(3306, 551, 52),
(3307, 552, 1),
(3308, 552, 7),
(3309, 552, 12),
(3310, 552, 16),
(3311, 552, 20),
(3312, 552, 54),
(3313, 553, 1),
(3314, 553, 6),
(3315, 553, 12),
(3316, 553, 16),
(3317, 553, 22),
(3318, 553, 54),
(3319, 554, 5),
(3320, 554, 6),
(3321, 554, 10),
(3322, 554, 19),
(3323, 554, 22),
(3324, 554, 51),
(3325, 555, 4),
(3326, 555, 7),
(3327, 555, 11),
(3328, 555, 17),
(3329, 555, 21),
(3330, 555, 52),
(3331, 556, 1),
(3332, 556, 6),
(3333, 556, 12),
(3334, 556, 16),
(3335, 556, 22),
(3336, 556, 54),
(3337, 557, 4),
(3338, 557, 7),
(3339, 557, 11),
(3340, 557, 16),
(3341, 557, 22),
(3342, 557, 54),
(3343, 558, 5),
(3344, 558, 6),
(3345, 558, 10),
(3346, 558, 19),
(3347, 558, 22),
(3348, 558, 51),
(3349, 559, 4),
(3350, 559, 6),
(3351, 559, 10),
(3352, 559, 16),
(3353, 559, 21),
(3354, 559, 51),
(3355, 560, 4),
(3356, 560, 6),
(3357, 560, 11),
(3358, 560, 17),
(3359, 560, 23),
(3360, 560, 51),
(3361, 561, 5),
(3362, 561, 6),
(3363, 561, 10),
(3364, 561, 17),
(3365, 561, 22),
(3366, 561, 51),
(3367, 562, 4),
(3368, 562, 6),
(3369, 562, 11),
(3370, 562, 17),
(3371, 562, 22),
(3372, 562, 51),
(3373, 563, 5),
(3374, 563, 6),
(3375, 563, 10),
(3376, 563, 16),
(3377, 563, 22),
(3378, 563, 51),
(3379, 564, 3),
(3380, 564, 6),
(3381, 564, 11),
(3382, 564, 16),
(3383, 564, 22),
(3384, 564, 54),
(3385, 565, 5),
(3386, 565, 6),
(3387, 565, 10),
(3388, 565, 19),
(3389, 565, 21),
(3390, 565, 54),
(3391, 566, 5),
(3392, 566, 6),
(3393, 566, 12),
(3394, 566, 16),
(3395, 566, 20),
(3396, 566, 51),
(3397, 567, 1),
(3398, 567, 6),
(3399, 567, 11),
(3400, 567, 17),
(3401, 567, 22),
(3402, 567, 52),
(3403, 568, 3),
(3404, 568, 6),
(3405, 568, 10),
(3406, 568, 18),
(3407, 568, 22),
(3408, 568, 54),
(3409, 569, 4),
(3410, 569, 6),
(3411, 569, 10),
(3412, 569, 18),
(3413, 569, 22),
(3414, 569, 51),
(3415, 570, 5),
(3416, 570, 6),
(3417, 570, 10),
(3418, 570, 17),
(3419, 570, 21),
(3420, 570, 51),
(3421, 571, 5),
(3422, 571, 6),
(3423, 571, 10),
(3424, 571, 17),
(3425, 571, 21),
(3426, 571, 51),
(3427, 572, 5),
(3428, 572, 6),
(3429, 572, 10),
(3430, 572, 17),
(3431, 572, 21),
(3432, 572, 51),
(3433, 573, 4),
(3434, 573, 6),
(3435, 573, 10),
(3436, 573, 17),
(3437, 573, 21),
(3438, 573, 54),
(3439, 574, 4),
(3440, 574, 6),
(3441, 574, 10),
(3442, 574, 19),
(3443, 574, 21),
(3444, 574, 54),
(3445, 575, 3),
(3446, 575, 6),
(3447, 575, 10),
(3448, 575, 16),
(3449, 575, 22),
(3450, 575, 51),
(3451, 576, 5),
(3452, 576, 6),
(3453, 576, 11),
(3454, 576, 18),
(3455, 576, 21),
(3456, 576, 54),
(3457, 577, 5),
(3458, 577, 6),
(3459, 577, 10),
(3460, 577, 18),
(3461, 577, 22),
(3462, 577, 51),
(3463, 578, 4),
(3464, 578, 6),
(3465, 578, 12),
(3466, 578, 17),
(3467, 578, 22),
(3468, 578, 54),
(3469, 579, 5),
(3470, 579, 6),
(3471, 579, 10),
(3472, 579, 16),
(3473, 579, 20),
(3474, 579, 51),
(3475, 580, 5),
(3476, 580, 6),
(3477, 580, 10),
(3478, 580, 16),
(3479, 580, 22),
(3480, 580, 54),
(3481, 581, 5),
(3482, 581, 6),
(3483, 581, 10),
(3484, 581, 16),
(3485, 581, 20),
(3486, 581, 54),
(3487, 582, 5),
(3488, 582, 6),
(3489, 582, 11),
(3490, 582, 19),
(3491, 582, 20),
(3492, 582, 54),
(3493, 583, 5),
(3494, 583, 6),
(3495, 583, 10),
(3496, 583, 16),
(3497, 583, 20),
(3498, 583, 51),
(3499, 584, 4),
(3500, 584, 6),
(3501, 584, 12),
(3502, 584, 16),
(3503, 584, 22),
(3504, 584, 54),
(3505, 585, 5),
(3506, 585, 6),
(3507, 585, 10),
(3508, 585, 18),
(3509, 585, 21),
(3510, 585, 54),
(3511, 586, 5),
(3512, 586, 6),
(3513, 586, 12),
(3514, 586, 16),
(3515, 586, 21),
(3516, 586, 54),
(3517, 587, 4),
(3518, 587, 6),
(3519, 587, 11),
(3520, 587, 16),
(3521, 587, 22),
(3522, 587, 51),
(3523, 588, 5),
(3524, 588, 6),
(3525, 588, 10),
(3526, 588, 18),
(3527, 588, 22),
(3528, 588, 51),
(3529, 589, 5),
(3530, 589, 6),
(3531, 589, 12),
(3532, 589, 17),
(3533, 589, 22),
(3534, 589, 54),
(3535, 590, 4);
INSERT INTO `tbl_klasifikasi` (`id_klasifikasi`, `id_masyarakat`, `id_hk`) VALUES
(3536, 590, 6),
(3537, 590, 12),
(3538, 590, 16),
(3539, 590, 22),
(3540, 590, 54),
(3541, 591, 3),
(3542, 591, 6),
(3543, 591, 12),
(3544, 591, 16),
(3545, 591, 24),
(3546, 591, 54),
(3547, 592, 5),
(3548, 592, 6),
(3549, 592, 11),
(3550, 592, 16),
(3551, 592, 21),
(3552, 592, 54),
(3553, 593, 4),
(3554, 593, 6),
(3555, 593, 12),
(3556, 593, 16),
(3557, 593, 22),
(3558, 593, 54),
(3559, 594, 3),
(3560, 594, 6),
(3561, 594, 11),
(3562, 594, 16),
(3563, 594, 22),
(3564, 594, 54),
(3565, 595, 5),
(3566, 595, 6),
(3567, 595, 10),
(3568, 595, 16),
(3569, 595, 21),
(3570, 595, 54),
(3571, 596, 5),
(3572, 596, 6),
(3573, 596, 12),
(3574, 596, 16),
(3575, 596, 22),
(3576, 596, 54),
(3577, 597, 1),
(3578, 597, 6),
(3579, 597, 12),
(3580, 597, 16),
(3581, 597, 22),
(3582, 597, 54),
(3583, 598, 5),
(3584, 598, 6),
(3585, 598, 11),
(3586, 598, 16),
(3587, 598, 22),
(3588, 598, 51);

-- --------------------------------------------------------

--
-- Table structure for table `tbl_kriteria`
--

CREATE TABLE `tbl_kriteria` (
  `id` int(5) NOT NULL,
  `kriteria` varchar(50) NOT NULL,
  `type_kriteria` varchar(100) NOT NULL,
  `bobot` float NOT NULL
) ENGINE=MyISAM DEFAULT CHARSET=latin1;

--
-- Dumping data for table `tbl_kriteria`
--

INSERT INTO `tbl_kriteria` (`id`, `kriteria`, `type_kriteria`, `bobot`) VALUES
(11, 'Kepemilikan Kendaraan', 'Benefit', 0.1),
(10, 'Kondisi Rumah', 'Benefit', 0.1),
(9, 'Kepemilikan Rumah', 'Benefit', 0.15),
(8, 'Jumlah Tanggungan', 'Benefit', 0.2),
(7, 'Penghasilan', 'Benefit', 0.3),
(6, 'Pekerjaan', 'Benefit', 0.15);

--
-- Indexes for dumped tables
--

--
-- Indexes for table `admin`
--
ALTER TABLE `admin`
  ADD PRIMARY KEY (`id_admin`);

--
-- Indexes for table `modul`
--
ALTER TABLE `modul`
  ADD PRIMARY KEY (`id_modul`);

--
-- Indexes for table `tbl_himpunankriteria`
--
ALTER TABLE `tbl_himpunankriteria`
  ADD PRIMARY KEY (`id_hk`);

--
-- Indexes for table `tbl_klasifikasi`
--
ALTER TABLE `tbl_klasifikasi`
  ADD PRIMARY KEY (`id_klasifikasi`);

--
-- Indexes for table `tbl_kriteria`
--
ALTER TABLE `tbl_kriteria`
  ADD PRIMARY KEY (`id`);

--
-- AUTO_INCREMENT for dumped tables
--

--
-- AUTO_INCREMENT for table `admin`
--
ALTER TABLE `admin`
  MODIFY `id_admin` int(3) NOT NULL AUTO_INCREMENT, AUTO_INCREMENT=7;

--
-- AUTO_INCREMENT for table `modul`
--
ALTER TABLE `modul`
  MODIFY `id_modul` int(5) NOT NULL AUTO_INCREMENT, AUTO_INCREMENT=82;

--
-- AUTO_INCREMENT for table `tbl_himpunankriteria`
--
ALTER TABLE `tbl_himpunankriteria`
  MODIFY `id_hk` int(11) NOT NULL AUTO_INCREMENT, AUTO_INCREMENT=56;

--
-- AUTO_INCREMENT for table `tbl_klasifikasi`
--
ALTER TABLE `tbl_klasifikasi`
  MODIFY `id_klasifikasi` int(11) NOT NULL AUTO_INCREMENT, AUTO_INCREMENT=3589;

--
-- AUTO_INCREMENT for table `tbl_kriteria`
--
ALTER TABLE `tbl_kriteria`
  MODIFY `id` int(5) NOT NULL AUTO_INCREMENT, AUTO_INCREMENT=12;
COMMIT;

/*!40101 SET CHARACTER_SET_CLIENT=@OLD_CHARACTER_SET_CLIENT */;
/*!40101 SET CHARACTER_SET_RESULTS=@OLD_CHARACTER_SET_RESULTS */;
/*!40101 SET COLLATION_CONNECTION=@OLD_COLLATION_CONNECTION */;
